filename,requested_exposure_us,requested_gain_db,actual_exposure_us,actual_gain_db,gamma,pixel_format,camera_model,serial_number,captured_at,image_width,image_height,roi_x0,roi_y0,roi_x1,roi_y1,gaussian_kernel,gaussian_sigma,noise_pixel_count,image_mean_gray,roi_mean_gray,roi_spatial_std_gray,noise_std_gray,noise_variance_gray,residual_mean_gray,roi_near_black_fraction,roi_near_white_fraction,roi_channel_saturation_fraction,fit_candidate,quality_flags,status,error
e10g1.bmp,10,1,10.0,1.0230504489476258,1.0,RGB8,daA2500-14uc,40031417,2026-09-18T16:04:48,2592,1944,682,415,889,830,5,1.0,83433,3.5072892075728417,4.197119668489507,1.2328570984026437,0.4438662377970101,0.19701723705607194,0.00045487784848418885,0.0008497759152552238,0.0,0.0,0,low_roi_mean,ok,
e1000g1.bmp,1000,1,1000.0,1.0230504489476258,1.0,RGB8,daA2500-14uc,40031417,2026-09-18T16:04:48,2592,1944,682,415,889,830,5,1.0,83433,18.598916505518716,31.094097565036527,1.9374472065424857,0.3713958564024387,0.13793488215290087,0.0004123454883603741,0.0,0.0,0.0,1,,ok,
e2000g1.bmp,2000,1,2000.0,1.0230504489476258,1.0,RGB8,daA2500-14uc,40031417,2026-09-18T16:04:48,2592,1944,682,415,889,830,5,1.0,83433,28.65128302203202,46.25698291491479,2.4283153970504467,0.404754256734909,0.1638260083450286,0.00012308844296050049,0.0,0.0,0.0,1,,ok,
e3000g1.bmp,3000,1,3000.0,1.0230504489476258,1.0,RGB8,daA2500-14uc,40031417,2026-09-18T16:04:48,2592,1944,682,415,889,830,5,1.0,83433,36.17610536912405,57.449873791981005,2.8927586418424327,0.4776855279277634,0.22818346359162606,0.0002688945276332319,0.0,0.0,0.0,1,,ok,
e4000g1.bmp,4000,1,4000.0,1.0230504489476258,1.0,RGB8,daA2500-14uc,40031417,2026-09-18T16:04:49,2592,1944,682,415,889,830,5,1.0,83433,42.30262341174014,66.44638523985265,3.251084500132438,0.5548844923810774,0.30789679988500596,2.079513634115473e-05,0.0,0.0,0.0,1,,ok,
e5000g1.bmp,5000,1,5000.0,1.0230504489476258,1.0,RGB8,daA2500-14uc,40031417,2026-09-18T16:04:49,2592,1944,682,415,889,830,5,1.0,83433,47.61714905649069,74.24933190558636,3.5873128181295515,0.6325772545453753,0.4001539829681645,0.0005112522355635706,0.0,0.0,0.0,1,,ok,
e6000g1.bmp,6000,1,6000.0,1.0230504489476258,1.0,RGB8,daA2500-14uc,40031417,2026-09-18T16:04:49,2592,1944,682,415,889,830,5,1.0,83433,52.39134177891454,81.2065996887978,3.8391814770290074,0.6775110566302711,0.4590212318562664,0.0002509200534246978,0.0,0.0,0.0,1,,ok,
e7000g1.bmp,7000,1,7000.0,1.0230504489476258,1.0,RGB8,daA2500-14uc,40031417,2026-09-18T16:04:49,2592,1944,682,415,889,830,5,1.0,83433,56.65640055584133,87.4629973584577,4.122349917101633,0.7550765736665856,0.5701406321000707,0.0008093108423087706,0.0,0.0,0.0,1,,ok,
e8000g1.bmp,8000,1,8000.0,1.0230504489476258,1.0,RGB8,daA2500-14uc,40031417,2026-09-18T16:04:50,2592,1944,682,415,889,830,5,1.0,83433,60.56964128983449,93.26292323712025,4.368639136384934,0.8315307388455839,0.6914433696450827,0.0008089514698721111,0.0,0.0,0.0,1,,ok,
e9000g1.bmp,9000,1,9000.0,1.0230504489476258,1.0,RGB8,daA2500-14uc,40031417,2026-09-18T16:04:50,2592,1944,682,415,889,830,5,1.0,83433,64.32383111576294,98.7230934547605,4.5597585703070935,0.83896607599777,0.7038640766750959,0.00020676516004046661,0.0,0.0,0.0,1,,ok,
e10000g1.bmp,10000,1,10000.0,1.0230504489476258,1.0,RGB8,daA2500-14uc,40031417,2026-09-18T16:04:50,2592,1944,682,415,889,830,5,1.0,83433,67.8315234549643,103.7946805114373,4.749606606660222,0.8434643259107187,0.7114320690840232,0.00043660523103235716,0.0,0.0,0.0,1,,ok,
e20000g1.bmp,20000,1,20000.0,1.0230504489476258,1.0,RGB8,daA2500-14uc,40031417,2026-09-18T16:04:50,2592,1944,682,415,889,830,5,1.0,83433,95.38555371128479,143.61905741615266,6.263958372803921,0.896930744028256,0.804484759583081,0.0003703666728069791,0.0,0.0,0.0,1,,ok,
e30000g1.bmp,30000,1,30000.0,1.0230504489476258,1.0,RGB8,daA2500-14uc,40031417,2026-09-18T16:04:51,2592,1944,682,415,889,830,5,1.0,83433,115.37479085437782,172.58640559321753,7.401329913246932,0.9913875908398073,0.9828493552711572,0.0007803601462962797,0.0,0.0,0.0,1,,ok,
e40000g1.bmp,40000,1,40000.0,1.0230504489476258,1.0,RGB8,daA2500-14uc,40031417,2026-09-18T16:04:51,2592,1944,682,415,889,830,5,1.0,83433,131.83349306746302,196.4522102518927,8.332286941804472,1.044038732412994,1.0900168747785315,0.0005690767694376588,0.0,0.0,0.0,1,,ok,
e50000g1.bmp,50000,1,50000.0,1.0230504489476258,1.0,RGB8,daA2500-14uc,40031417,2026-09-18T16:04:51,2592,1944,682,415,889,830,5,1.0,83433,145.47914392793749,217.00940674300605,9.077979589005249,1.0792785248018981,1.1648421340985615,0.0008792142678411308,0.0,0.0,0.0,1,,ok,
e60000g1.bmp,60000,1,60000.0,1.0230504489476258,1.0,RGB8,daA2500-14uc,40031417,2026-09-18T16:04:52,2592,1944,682,415,889,830,5,1.0,83433,157.19662653427926,235.11730599065618,9.695142881777652,1.0833587908406634,1.1736662696917446,0.0010331443642232015,0.0,0.0,0.04459577440195565,0,channel_saturation,ok,
e70000g1.bmp,70000,1,70000.0,1.0230504489476258,1.0,RGB8,daA2500-14uc,40031417,2026-09-18T16:04:52,2592,1944,682,415,889,830,5,1.0,83433,166.84716605243895,248.36299617041962,7.253878011950517,0.7671503534270848,0.5885196647633011,0.0007068100506871907,0.0,0.3410045981025551,0.5925033467202142,0,near_white_pixels;channel_saturation,ok,
e80000g1.bmp,80000,1,80000.0,1.0230504489476258,1.0,RGB8,daA2500-14uc,40031417,2026-09-18T16:04:52,2592,1944,682,415,889,830,5,1.0,83433,174.6766906205545,253.7977079831654,2.390863486108958,0.4138216630667207,0.1712483688233065,-1.9709154901519035e-05,0.0,0.7419707816774344,0.9198416855829114,0,high_roi_mean;near_white_pixels;channel_saturation,ok,
e90000g1.bmp,90000,1,90000.0,1.0230504489476258,1.0,RGB8,daA2500-14uc,40031417,2026-09-18T16:04:53,2592,1944,682,415,889,830,5,1.0,83433,181.3926987751962,254.97141274421736,0.1646309961069973,0.06793018432762327,0.004614509942784873,5.545729368222481e-05,0.0,0.9928525696990862,0.999941796170188,0,high_roi_mean;near_white_pixels;channel_saturation,ok,
e100000g1.bmp,100000,1,100000.0,1.0230504489476258,1.0,RGB8,daA2500-14uc,40031417,2026-09-18T16:04:53,2592,1944,682,415,889,830,5,1.0,83433,187.36516994301078,254.9995898168222,0.03191153884760604,0.024102735174829307,0.0005809418429079539,-1.773470969735821e-05,0.0,0.9998719515744136,0.9999883592340376,0,high_roi_mean;near_white_pixels;channel_saturation,ok,
e200000g1.bmp,200000,1,200000.0,1.0230504489476258,1.0,RGB8,daA2500-14uc,40031417,2026-09-18T16:04:54,2592,1944,682,415,889,830,5,1.0,83433,220.20701326076914,254.99981847502954,0.02042635742909765,0.015006985536135303,0.0002252096148817742,-1.5253485347149809e-05,0.0,0.9999301554042256,1.0,0,high_roi_mean;near_white_pixels;channel_saturation,ok,
e300000g1.bmp,300000,1,300000.0,1.0230504489476258,1.0,RGB8,daA2500-14uc,40031417,2026-09-18T16:04:54,2592,1944,682,415,889,830,5,1.0,83433,233.96090175055883,254.99967124285752,0.02912074317338089,0.02139367056220543,0.0004576891401241753,-1.5251290706315247e-05,0.0,0.9998486700424888,1.0,0,high_roi_mean;near_white_pixels;channel_saturation,ok,
e400000g1.bmp,400000,1,400000.0,1.0230504489476258,1.0,RGB8,daA2500-14uc,40031417,2026-09-18T16:04:55,2592,1944,682,415,889,830,5,1.0,83433,242.4244913962477,254.99966991565105,0.029337548665188357,0.021584364526336164,0.00046588479200575895,-1.5252205139996314e-05,0.0,0.9998486700424888,1.0,0,high_roi_mean;near_white_pixels;channel_saturation,ok,
e500000g1.bmp,500000,1,500000.0,1.0230504489476258,1.0,RGB8,daA2500-14uc,40031417,2026-09-18T16:04:56,2592,1944,682,415,889,830,5,1.0,83433,248.2987541404305,254.99977051601874,0.020877488693394716,0.0161304414250748,0.0002601911405677692,-1.5252205139996314e-05,0.0,0.9999650777021128,1.0,0,high_roi_mean;near_white_pixels;channel_saturation,ok,
e600000g1.bmp,600000,1,600000.0,1.0230504489476258,1.0,RGB8,daA2500-14uc,40031417,2026-09-18T16:04:57,2592,1944,682,415,889,830,5,1.0,83433,251.6636283376676,254.99977747745822,0.01981852802968207,0.015198692844242715,0.00023100026417363474,-1.5252570913468741e-05,0.0,0.9999650777021128,1.0,0,high_roi_mean;near_white_pixels;channel_saturation,ok,
e700000g1.bmp,700000,1,700000.0,1.0230504489476258,1.0,RGB8,daA2500-14uc,40031417,2026-09-18T16:04:58,2592,1944,682,415,889,830,5,1.0,83433,253.38713423246742,254.9997946242127,0.01905807316271809,0.014496245447514561,0.00021014113207458663,-1.5253851120622236e-05,0.0,0.9999650777021128,1.0,0,high_roi_mean;near_white_pixels;channel_saturation,ok,
e800000g1.bmp,800000,1,800000.0,1.0230504489476258,1.0,RGB8,daA2500-14uc,40031417,2026-09-18T16:04:59,2592,1944,682,415,889,830,5,1.0,83433,254.23277059419132,254.9997946242127,0.01905807316271809,0.014496245447514563,0.00021014113207458668,-1.5253851120622236e-05,0.0,0.9999650777021128,1.0,0,high_roi_mean;near_white_pixels;channel_saturation,ok,
e900000g1.bmp,900000,1,900000.0,1.0230504489476258,1.0,RGB8,daA2500-14uc,40031417,2026-09-18T16:05:01,2592,1944,682,415,889,830,5,1.0,83433,254.6378861890654,254.99980145723006,0.017167557343702285,0.012861546020098289,0.00016541936602710612,-1.5252936686941168e-05,0.0,0.9999650777021128,1.0,0,high_roi_mean;near_white_pixels;channel_saturation,ok,
e990000g1.bmp,990000,1,990000.0,1.0230504489476258,1.0,RGB8,daA2500-14uc,40031417,2026-09-18T16:05:03,2592,1944,682,415,889,830,5,1.0,83433,254.8048375007541,254.99983562231688,0.015570618221156322,0.011356283358736095,0.00012896517172390637,-1.5254948441039517e-05,0.0,0.9999650777021128,1.0,0,high_roi_mean;near_white_pixels;channel_saturation,ok,
e10g2.bmp,10,2,10.0,1.9382002601611283,1.0,RGB8,daA2500-14uc,40031417,2026-09-18T16:05:03,2592,1944,682,415,889,830,5,1.0,83433,3.4883418908448913,4.187725497949013,1.2718232136224539,0.4696326915007454,0.2205548649262343,0.00020787255423066684,0.0013386880856760374,0.0,0.0,0,low_roi_mean,ok,
e1000g2.bmp,1000,2,1000.0,1.9382002601611283,1.0,RGB8,daA2500-14uc,40031417,2026-09-18T16:05:05,2592,1944,682,415,889,830,5,1.0,83433,19.585121971728455,32.736525129812584,2.066016899406222,0.3989394552047941,0.15915268891909792,-0.0001470514747638192,0.0,0.0,0.0,1,,ok,
e2000g2.bmp,2000,2,2000.0,1.9382002601611283,1.0,RGB8,daA2500-14uc,40031417,2026-09-18T16:05:05,2592,1944,682,415,889,830,5,1.0,83433,30.074481977626625,48.576471380224106,2.625779505361218,0.4751777902973757,0.22579393239189677,0.000245465868012287,0.0,0.0,0.0,1,,ok,
e3000g2.bmp,3000,2,3000.0,1.9382002601611283,1.0,RGB8,daA2500-14uc,40031417,2026-09-18T16:05:05,2592,1944,682,415,889,830,5,1.0,83433,37.96670647120135,60.22814449973951,2.997628873286017,0.5402237611277712,0.2918417120870352,0.00015092787344207423,0.0,0.0,0.0,1,,ok,
e4000g2.bmp,4000,2,4000.0,1.9382002601611283,1.0,RGB8,daA2500-14uc,40031417,2026-09-18T16:05:05,2592,1944,682,415,889,830,5,1.0,83433,44.400620675995775,69.59795658006551,3.4086070332803358,0.6273600773280926,0.3935806666251103,0.0005050242563702405,0.0,0.0,0.0,1,,ok,
e5000g2.bmp,5000,2,5000.0,1.9382002601611283,1.0,RGB8,daA2500-14uc,40031417,2026-09-18T16:05:06,2592,1944,682,415,889,830,5,1.0,83433,49.93144890935388,77.76318140560004,3.7238829058719203,0.7213881959185041,0.5204009292105541,4.209366842373709e-05,0.0,0.0,0.0,1,,ok,
e6000g2.bmp,6000,2,6000.0,1.9382002601611283,1.0,RGB8,daA2500-14uc,40031417,2026-09-18T16:05:06,2592,1944,682,415,889,830,5,1.0,83433,54.96430601061988,85.06797735961253,3.9864882983752525,0.735886746964959,0.5415293043586696,0.0003121134981448906,0.0,0.0,0.0,1,,ok,
e7000g2.bmp,7000,2,7000.0,1.9382002601611283,1.0,RGB8,daA2500-14uc,40031417,2026-09-18T16:05:06,2592,1944,682,415,889,830,5,1.0,83433,59.40261176205354,91.60453222607936,4.317875432775239,0.8165331568462636,0.6667263962293248,7.411942201892163e-05,0.0,0.0,0.0,1,,ok,
e8000g2.bmp,8000,2,8000.0,1.9382002601611283,1.0,RGB8,daA2500-14uc,40031417,2026-09-18T16:05:06,2592,1944,682,415,889,830,5,1.0,83433,63.55511739627788,97.66664599567456,4.526036493116309,0.8675868724762338,0.7527069812930928,0.0009908029757152632,0.0,0.0,0.0,1,,ok,
e9000g2.bmp,9000,2,9000.0,1.9382002601611283,1.0,RGB8,daA2500-14uc,40031417,2026-09-18T16:05:06,2592,1944,682,415,889,830,5,1.0,83433,67.56712028543032,103.37859853854745,4.732421484488953,0.8396877777579927,0.7050755641161561,0.0001396478310475827,0.0,0.0,0.0,1,,ok,
e10000g2.bmp,10000,2,10000.0,1.9382002601611283,1.0,RGB8,daA2500-14uc,40031417,2026-09-18T16:05:07,2592,1944,682,415,889,830,5,1.0,83433,71.10089430342013,108.6001883600305,4.963860495750503,0.9142189472472436,0.8357962835058584,0.0004595445314688788,0.0,0.0,0.0,1,,ok,
e20000g2.bmp,20000,2,20000.0,1.9382002601611283,1.0,RGB8,daA2500-14uc,40031417,2026-09-18T16:05:07,2592,1944,682,415,889,830,5,1.0,83433,99.79319080869277,150.0908267142463,6.5244284744604455,0.9770221845919685,0.9545723491848626,0.0008339618711528824,0.0,0.0,0.0,1,,ok,
e30000g2.bmp,30000,2,30000.0,1.9382002601611283,1.0,RGB8,daA2500-14uc,40031417,2026-09-18T16:05:07,2592,1944,682,415,889,830,5,1.0,83433,120.72985502182243,180.35061763983015,7.721007535009038,1.0476862197340573,1.0976464150206395,0.0009400661715814448,0.0,0.0,0.0,1,,ok,
e40000g2.bmp,40000,2,40000.0,1.9382002601611283,1.0,RGB8,daA2500-14uc,40031417,2026-09-18T16:05:08,2592,1944,682,415,889,830,5,1.0,83433,137.7598958760018,205.33371023403794,8.642696383812394,1.0797767295779666,1.1659177857380894,0.0003950256572241162,0.0,0.0,0.0,1,,ok,
e50000g2.bmp,50000,2,50000.0,1.9382002601611283,1.0,RGB8,daA2500-14uc,40031417,2026-09-18T16:05:08,2592,1944,682,415,889,830,5,1.0,83433,151.7492824953243,226.7711302359219,9.464084598380154,1.1016706003223242,1.2136781116145503,0.0003142233709772175,0.0,0.0,0.0,1,,ok,
e60000g2.bmp,60000,2,60000.0,1.9382002601611283,1.0,RGB8,daA2500-14uc,40031417,2026-09-18T16:05:08,2592,1944,682,415,889,830,5,1.0,83433,163.38810004707423,244.40904325628773,8.67599644341271,0.9120508797550423,0.8318368072619466,0.001048163754547998,0.0,0.093254176124789,0.4424655142308364,0,near_white_pixels;channel_saturation,ok,
e70000g2.bmp,70000,2,70000.0,1.9382002601611283,1.0,RGB8,daA2500-14uc,40031417,2026-09-18T16:05:09,2592,1944,682,415,889,830,5,1.0,83433,172.63126578555256,252.92533852362007,3.484227690894153,0.505513725374373,0.255544126541877,0.00010071225078478016,0.0,0.6467376753390373,0.8612886327920377,0,high_roi_mean;near_white_pixels;channel_saturation,ok,
e80000g2.bmp,80000,2,80000.0,1.9382002601611283,1.0,RGB8,daA2500-14uc,40031417,2026-09-18T16:05:09,2592,1944,682,415,889,830,5,1.0,83433,180.2230670407204,254.91377507418431,0.353324962780685,0.07913565016772006,0.006262451127467771,2.066620119212422e-08,0.0,0.9673825737733542,1.0,0,high_roi_mean;near_white_pixels;channel_saturation,ok,
e90000g2.bmp,90000,2,90000.0,1.9382002601611283,1.0,RGB8,daA2500-14uc,40031417,2026-09-18T16:05:10,2592,1944,682,415,889,830,5,1.0,83433,186.8836126551148,255.0,0.0,0.0,0.0,-1.52587890625e-05,0.0,1.0,1.0,0,high_roi_mean;near_white_pixels;channel_saturation,ok,
e100000g2.bmp,100000,2,100000.0,1.9382002601611283,1.0,RGB8,daA2500-14uc,40031417,2026-09-18T16:05:10,2592,1944,682,415,889,830,5,1.0,83433,192.8501233535919,255.0,0.0,0.0,0.0,-1.52587890625e-05,0.0,1.0,1.0,0,high_roi_mean;near_white_pixels;channel_saturation,ok,
e200000g2.bmp,200000,2,200000.0,1.9382002601611283,1.0,RGB8,daA2500-14uc,40031417,2026-09-18T16:05:10,2592,1944,682,415,889,830,5,1.0,83433,223.65772249470513,255.0,0.0,0.0,0.0,-1.52587890625e-05,0.0,1.0,1.0,0,high_roi_mean;near_white_pixels;channel_saturation,ok,
e300000g2.bmp,300000,2,300000.0,1.9382002601611283,1.0,RGB8,daA2500-14uc,40031417,2026-09-18T16:05:11,2592,1944,682,415,889,830,5,1.0,83433,236.85375833662772,255.0,0.0,0.0,0.0,-1.52587890625e-05,0.0,1.0,1.0,0,high_roi_mean;near_white_pixels;channel_saturation,ok,
e400000g2.bmp,400000,2,400000.0,1.9382002601611283,1.0,RGB8,daA2500-14uc,40031417,2026-09-18T16:05:12,2592,1944,682,415,889,830,5,1.0,83433,245.10240813019163,255.0,0.0,0.0,0.0,-1.52587890625e-05,0.0,1.0,1.0,0,high_roi_mean;near_white_pixels;channel_saturation,ok,
e500000g2.bmp,500000,2,500000.0,1.9382002601611283,1.0,RGB8,daA2500-14uc,40031417,2026-09-18T16:05:12,2592,1944,682,415,889,830,5,1.0,83433,250.25514138767429,255.0,0.0,0.0,0.0,-1.52587890625e-05,0.0,1.0,1.0,0,high_roi_mean;near_white_pixels;channel_saturation,ok,
e600000g2.bmp,600000,2,600000.0,1.9382002601611283,1.0,RGB8,daA2500-14uc,40031417,2026-09-18T16:05:13,2592,1944,682,415,889,830,5,1.0,83433,252.90789467493363,255.0,0.0,0.0,0.0,-1.52587890625e-05,0.0,1.0,1.0,0,high_roi_mean;near_white_pixels;channel_saturation,ok,
e700000g2.bmp,700000,2,700000.0,1.9382002601611283,1.0,RGB8,daA2500-14uc,40031417,2026-09-18T16:05:15,2592,1944,682,415,889,830,5,1.0,83433,254.16426480834508,255.0,0.0,0.0,0.0,-1.52587890625e-05,0.0,1.0,1.0,0,high_roi_mean;near_white_pixels;channel_saturation,ok,
e800000g2.bmp,800000,2,800000.0,1.9382002601611283,1.0,RGB8,daA2500-14uc,40031417,2026-09-18T16:05:16,2592,1944,682,415,889,830,5,1.0,83433,254.675181367249,255.0,0.0,0.0,0.0,-1.52587890625e-05,0.0,1.0,1.0,0,high_roi_mean;near_white_pixels;channel_saturation,ok,
e900000g2.bmp,900000,2,900000.0,1.9382002601611283,1.0,RGB8,daA2500-14uc,40031417,2026-09-18T16:05:18,2592,1944,682,415,889,830,5,1.0,83433,254.86577965003107,255.0,0.0,0.0,0.0,-1.52587890625e-05,0.0,1.0,1.0,0,high_roi_mean;near_white_pixels;channel_saturation,ok,
e990000g2.bmp,990000,2,990000.0,1.9382002601611283,1.0,RGB8,daA2500-14uc,40031417,2026-09-18T16:05:19,2592,1944,682,415,889,830,5,1.0,83433,254.94018249687227,255.0,0.0,0.0,0.0,-1.52587890625e-05,0.0,1.0,1.0,0,high_roi_mean;near_white_pixels;channel_saturation,ok,
e10g3.bmp,10,3,10.0,2.7660539633256294,1.0,RGB8,daA2500-14uc,40031417,2026-09-18T16:05:20,2592,1944,682,415,889,830,5,1.0,83433,4.018952505612393,4.83398033946338,1.4098210119885268,0.4727231401310032,0.2234671672153161,0.00047269630316110135,0.00016297072347360456,0.0,0.0,0,low_roi_mean,ok,
e1000g3.bmp,1000,3,1000.0,2.7660539633256294,1.0,RGB8,daA2500-14uc,40031417,2026-09-18T16:05:21,2592,1944,682,415,889,830,5,1.0,83433,21.20924533365563,34.96425912745042,2.1291229488006462,0.3663048192036149,0.134179220571793,0.00017186563857663343,0.0,0.0,0.0,1,,ok,
e2000g3.bmp,2000,3,2000.0,2.7660539633256294,1.0,RGB8,daA2500-14uc,40031417,2026-09-18T16:05:22,2592,1944,682,415,889,830,5,1.0,83433,32.28208317476535,51.44410642918424,2.7328766099268873,0.441175564970738,0.1946358791272499,0.0004629125278813024,0.0,0.0,0.0,1,,ok,
e3000g3.bmp,3000,3,3000.0,2.7660539633256294,1.0,RGB8,daA2500-14uc,40031417,2026-09-18T16:05:22,2592,1944,682,415,889,830,5,1.0,83433,40.461500809311964,63.53854761618229,3.1409519671299986,0.5305170344869731,0.2814483238808522,0.00041005771245539554,0.0,0.0,0.0,1,,ok,
e4000g3.bmp,4000,3,4000.0,2.7660539633256294,1.0,RGB8,daA2500-14uc,40031417,2026-09-18T16:05:22,2592,1944,682,415,889,830,5,1.0,83433,47.18403116128924,73.34383292220662,3.5263925578287414,0.6232214827478613,0.3884050165584428,0.0002065916919711681,0.0,0.0,0.0,1,,ok,
e5000g3.bmp,5000,3,5000.0,2.7660539633256294,1.0,RGB8,daA2500-14uc,40031417,2026-09-18T16:05:22,2592,1944,682,415,889,830,5,1.0,83433,52.95448187145156,81.81689757794553,3.871600470896077,0.7098233723636924,0.5038492199537651,0.00023634123724743957,0.0,0.0,0.0,1,,ok,
e6000g3.bmp,6000,3,6000.0,2.7660539633256294,1.0,RGB8,daA2500-14uc,40031417,2026-09-18T16:05:23,2592,1944,682,415,889,830,5,1.0,83433,58.068619010734196,89.34078188825629,4.19353428405915,0.7939187154895639,0.6303069268045991,0.0005481333119534349,0.0,0.0,0.0,1,,ok,
e7000g3.bmp,7000,3,7000.0,2.7660539633256294,1.0,RGB8,daA2500-14uc,40031417,2026-09-18T16:05:23,2592,1944,682,415,889,830,5,1.0,83433,62.700438909846056,96.16165874097756,4.506848916784665,0.8880405167600312,0.7886159594074231,0.000339744483468865,0.0,0.0,0.0,1,,ok,
e8000g3.bmp,8000,3,8000.0,2.7660539633256294,1.0,RGB8,daA2500-14uc,40031417,2026-09-18T16:05:23,2592,1944,682,415,889,830,5,1.0,83433,66.95171631134735,102.41382877418016,4.751553370950943,0.965075577504476,0.9313708702955978,0.0005291542409028801,0.0,0.0,0.0,1,,ok,
e9000g3.bmp,9000,3,9000.0,2.7660539633256294,1.0,RGB8,daA2500-14uc,40031417,2026-09-18T16:05:24,2592,1944,682,415,889,830,5,1.0,83433,71.05766158475112,108.35055471733017,4.95317430091988,0.975132591298634,0.9508835706127888,0.0006483509455601258,0.0,0.0,0.0,1,,ok,
e10000g3.bmp,10000,3,10000.0,2.7660539633256294,1.0,RGB8,daA2500-14uc,40031417,2026-09-18T16:05:24,2592,1944,682,415,889,830,5,1.0,83433,74.8993354969231,113.86514373694037,5.185737630588532,1.0080393627765258,1.016143356906904,0.00018753855179244686,0.0,0.0,0.0,1,,ok,
e20000g3.bmp,20000,3,20000.0,2.7660539633256294,1.0,RGB8,daA2500-14uc,40031417,2026-09-18T16:05:24,2592,1944,682,415,889,830,5,1.0,83433,104.851565452659,157.1552052533333,6.797952854164648,1.0576516894332926,1.118627096161098,0.0012199607877377094,0.0,0.0,0.0,1,,ok,
e30000g3.bmp,30000,3,30000.0,2.7660539633256294,1.0,RGB8,daA2500-14uc,40031417,2026-09-18T16:05:24,2592,1944,682,415,889,830,5,1.0,83433,126.7480502261628,188.73993625693046,8.046354562303351,1.1049618409600184,1.2209406699777527,0.0006986426948213686,0.0,0.0,0.0,1,,ok,
e40000g3.bmp,40000,3,40000.0,2.7660539633256294,1.0,RGB8,daA2500-14uc,40031417,2026-09-18T16:05:25,2592,1944,682,415,889,830,5,1.0,83433,144.20342791348338,214.719916347519,9.000634907339922,1.1357655283569064,1.2899633354038427,0.0004774545381028977,0.0,0.0,0.0,1,,ok,
e50000g3.bmp,50000,3,50000.0,2.7660539633256294,1.0,RGB8,daA2500-14uc,40031417,2026-09-18T16:05:25,2592,1944,682,415,889,830,5,1.0,83433,158.57574838355907,237.02414515363026,9.738103358822407,1.1182475176842193,1.2504775108069182,0.0007307206625797422,0.0,0.0,0.13640649554740703,0,channel_saturation,ok,
e60000g3.bmp,60000,3,60000.0,2.7660539633256294,1.0,RGB8,daA2500-14uc,40031417,2026-09-18T16:05:25,2592,1944,682,415,889,830,5,1.0,83433,169.7854982478138,250.84503478915093,5.500590908603285,0.6839080960876468,0.46773028389422994,0.0003765423921154362,0.0,0.4823700599499447,0.734078342354927,0,high_roi_mean;near_white_pixels;channel_saturation,ok,
e70000g3.bmp,70000,3,70000.0,2.7660539633256294,1.0,RGB8,daA2500-14uc,40031417,2026-09-18T16:05:26,2592,1944,682,415,889,830,5,1.0,83433,178.71019164678114,254.71596319981154,0.8210089345454734,0.15776581752703045,0.02489005317997227,7.024606383265614e-05,0.0,0.8994237820848612,0.999767184680752,0,high_roi_mean;near_white_pixels;channel_saturation,ok,
e80000g3.bmp,80000,3,80000.0,2.7660539633256294,1.0,RGB8,daA2500-14uc,40031417,2026-09-18T16:05:26,2592,1944,682,415,889,830,5,1.0,83433,186.26983126480496,254.99999651945788,0.0010201314014079415,0.00013886651806113522,1.9283909838423592e-08,-1.4187987221970023e-05,0.0,1.0,1.0,0,high_roi_mean;near_white_pixels;channel_saturation,ok,
e90000g3.bmp,90000,3,90000.0,2.7660539633256294,1.0,RGB8,daA2500-14uc,40031417,2026-09-18T16:05:27,2592,1944,682,415,889,830,5,1.0,83433,192.95814464933252,255.0,0.0,0.0,0.0,-1.52587890625e-05,0.0,1.0,1.0,0,high_roi_mean;near_white_pixels;channel_saturation,ok,
e100000g3.bmp,100000,3,100000.0,2.7660539633256294,1.0,RGB8,daA2500-14uc,40031417,2026-09-18T16:05:27,2592,1944,682,415,889,830,5,1.0,83433,198.6781652244719,255.0,0.0,0.0,0.0,-1.52587890625e-05,0.0,1.0,1.0,0,high_roi_mean;near_white_pixels;channel_saturation,ok,
e200000g3.bmp,200000,3,200000.0,2.7660539633256294,1.0,RGB8,daA2500-14uc,40031417,2026-09-18T16:05:27,2592,1944,682,415,889,830,5,1.0,83433,227.37082455156417,255.0,0.0,0.0,0.0,-1.52587890625e-05,0.0,1.0,1.0,0,high_roi_mean;near_white_pixels;channel_saturation,ok,
e300000g3.bmp,300000,3,300000.0,2.7660539633256294,1.0,RGB8,daA2500-14uc,40031417,2026-09-18T16:05:28,2592,1944,682,415,889,830,5,1.0,83433,240.02548215346047,255.0,0.0,0.0,0.0,-1.52587890625e-05,0.0,1.0,1.0,0,high_roi_mean;near_white_pixels;channel_saturation,ok,
e400000g3.bmp,400000,3,400000.0,2.7660539633256294,1.0,RGB8,daA2500-14uc,40031417,2026-09-18T16:05:28,2592,1944,682,415,889,830,5,1.0,83433,247.7979055224527,255.0,0.0,0.0,0.0,-1.52587890625e-05,0.0,1.0,1.0,0,high_roi_mean;near_white_pixels;channel_saturation,ok,
e500000g3.bmp,500000,3,500000.0,2.7660539633256294,1.0,RGB8,daA2500-14uc,40031417,2026-09-18T16:05:29,2592,1944,682,415,889,830,5,1.0,83433,251.98976574824243,255.0,0.0,0.0,0.0,-1.52587890625e-05,0.0,1.0,1.0,0,high_roi_mean;near_white_pixels;channel_saturation,ok,
e600000g3.bmp,600000,3,600000.0,2.7660539633256294,1.0,RGB8,daA2500-14uc,40031417,2026-09-18T16:05:30,2592,1944,682,415,889,830,5,1.0,83433,253.8494978147783,255.0,0.0,0.0,0.0,-1.52587890625e-05,0.0,1.0,1.0,0,high_roi_mean;near_white_pixels;channel_saturation,ok,
e700000g3.bmp,700000,3,700000.0,2.7660539633256294,1.0,RGB8,daA2500-14uc,40031417,2026-09-18T16:05:31,2592,1944,682,415,889,830,5,1.0,83433,254.59333367904725,255.0,0.0,0.0,0.0,-1.52587890625e-05,0.0,1.0,1.0,0,high_roi_mean;near_white_pixels;channel_saturation,ok,
e800000g3.bmp,800000,3,800000.0,2.7660539633256294,1.0,RGB8,daA2500-14uc,40031417,2026-09-18T16:05:33,2592,1944,682,415,889,830,5,1.0,83433,254.8499569879861,255.0,0.0,0.0,0.0,-1.52587890625e-05,0.0,1.0,1.0,0,high_roi_mean;near_white_pixels;channel_saturation,ok,
e900000g3.bmp,900000,3,900000.0,2.7660539633256294,1.0,RGB8,daA2500-14uc,40031417,2026-09-18T16:05:34,2592,1944,682,415,889,830,5,1.0,83433,254.9443726883605,255.0,0.0,0.0,0.0,-1.52587890625e-05,0.0,1.0,1.0,0,high_roi_mean;near_white_pixels;channel_saturation,ok,
e990000g3.bmp,990000,3,990000.0,2.7660539633256294,1.0,RGB8,daA2500-14uc,40031417,2026-09-18T16:05:36,2592,1944,682,415,889,830,5,1.0,83433,254.97351874614986,255.0,0.0,0.0,0.0,-1.52587890625e-05,0.0,1.0,1.0,0,high_roi_mean;near_white_pixels;channel_saturation,ok,
e10g4.bmp,10,4,10.0,4.217067306297864,1.0,RGB8,daA2500-14uc,40031417,2026-09-18T16:05:37,2592,1944,682,415,889,830,5,1.0,83433,4.4629941190923,5.451750364697554,1.4800639640180537,0.49350564690564064,0.24354782352775484,0.0002487169547929874,1.1640765962400325e-05,0.0,0.0,1,,ok,
e1000g4.bmp,1000,4,1000.0,4.217067306297864,1.0,RGB8,daA2500-14uc,40031417,2026-09-18T16:05:38,2592,1944,682,415,889,830,5,1.0,83433,23.02284521600969,37.93025595463652,2.3192748164742545,0.5140227073260393,0.26421934364679106,0.00028375608670467623,0.0,0.0,0.0,1,,ok,
e2000g4.bmp,2000,4,2000.0,4.217067306297864,1.0,RGB8,daA2500-14uc,40031417,2026-09-18T16:05:38,2592,1944,682,415,889,830,5,1.0,83433,34.88625510473822,55.67824516009968,2.9651235363281656,0.6480128027447433,0.41992059252109754,0.00048004883217777006,0.0,0.0,0.0,1,,ok,
e3000g4.bmp,3000,4,3000.0,4.217067306297864,1.0,RGB8,daA2500-14uc,40031417,2026-09-18T16:05:39,2592,1944,682,415,889,830,5,1.0,83433,43.844352873117025,68.70468612541232,3.428948445877518,0.7000464241199884,0.4900649959231827,-5.5654994244071594e-05,0.0,0.0,0.0,1,,ok,
e4000g4.bmp,4000,4,4000.0,4.217067306297864,1.0,RGB8,daA2500-14uc,40031417,2026-09-18T16:05:39,2592,1944,682,415,889,830,5,1.0,83433,51.03389988644229,79.31220279873669,3.828980161643212,0.810204266020325,0.6564309526775336,-3.1103272897723696e-05,0.0,0.0,0.0,1,,ok,
e5000g4.bmp,5000,4,5000.0,4.217067306297864,1.0,RGB8,daA2500-14uc,40031417,2026-09-18T16:05:39,2592,1944,682,415,889,830,5,1.0,83433,57.297724134961,88.39454926125045,4.222242662797283,0.9099655337150262,0.8280372725492725,0.00022308478361637296,0.0,0.0,0.0,1,,ok,
e6000g4.bmp,6000,4,6000.0,4.217067306297864,1.0,RGB8,daA2500-14uc,40031417,2026-09-18T16:05:40,2592,1944,682,415,889,830,5,1.0,83433,62.90247895987336,96.4815959457274,4.556271203440218,1.0048146146646038,1.0096524098435762,0.00012652506762068815,0.0,0.0,0.0,1,,ok,
e7000g4.bmp,7000,4,7000.0,4.217067306297864,1.0,RGB8,daA2500-14uc,40031417,2026-09-18T16:05:40,2592,1944,682,415,889,830,5,1.0,83433,68.01981971930886,103.90892653068114,4.808274331648807,1.0118103428712346,1.0237601699412056,0.0005230397886510546,0.0,0.0,0.0,1,,ok,
e8000g4.bmp,8000,4,8000.0,4.217067306297864,1.0,RGB8,daA2500-14uc,40031417,2026-09-18T16:05:40,2592,1944,682,415,889,830,5,1.0,83433,72.74296935390787,110.70222073082013,5.076437201166587,1.0493461845285863,1.1011274149847017,0.0003426656418630349,0.0,0.0,0.0,1,,ok,
e9000g4.bmp,9000,4,9000.0,4.217067306297864,1.0,RGB8,daA2500-14uc,40031417,2026-09-18T16:05:40,2592,1944,682,415,889,830,5,1.0,83433,77.14488230266123,117.07027870472635,5.302869731680087,1.0597025133453428,1.1229694167904365,0.0002569544012860619,0.0,0.0,0.0,1,,ok,
e10000g4.bmp,10000,4,10000.0,4.217067306297864,1.0,RGB8,daA2500-14uc,40031417,2026-09-18T16:05:41,2592,1944,682,415,889,830,5,1.0,83433,81.29467809785092,123.0283877904337,5.553839771392233,1.073580119518371,1.1525742730250796,0.00044039610730059036,0.0,0.0,0.0,1,,ok,
e20000g4.bmp,20000,4,20000.0,4.217067306297864,1.0,RGB8,daA2500-14uc,40031417,2026-09-18T16:05:41,2592,1944,682,415,889,830,5,1.0,83433,113.41678381348275,169.33024832430948,7.306964821809764,1.1428357136083533,1.306073468298714,0.00033683329240181867,0.0,0.0,0.0,1,,ok,
e30000g4.bmp,30000,4,30000.0,4.217067306297864,1.0,RGB8,daA2500-14uc,40031417,2026-09-18T16:05:41,2592,1944,682,415,889,830,5,1.0,83433,136.67414849981583,203.18200592241732,8.601359389477008,1.1724104586511377,1.3745462835545712,0.0005175358123247096,0.0,0.0,0.0,1,,ok,
e40000g4.bmp,40000,4,40000.0,4.217067306297864,1.0,RGB8,daA2500-14uc,40031417,2026-09-18T16:05:42,2592,1944,682,415,889,830,5,1.0,83433,154.82679513372898,230.9857199042149,9.671971633379489,1.2080772040179524,1.4594505308678332,0.0006388915863463235,0.0,0.0,0.0026657354053896748,1,,ok,
e50000g4.bmp,50000,4,50000.0,4.217067306297864,1.0,RGB8,daA2500-14uc,40031417,2026-09-18T16:05:42,2592,1944,682,415,889,830,5,1.0,83433,168.83739833827096,249.95831722230434,6.149447891534556,0.7617148747813249,0.5802095504631296,0.00046864671288685607,0.0,0.4212909609452302,0.6933007391886387,0,near_white_pixels;channel_saturation,ok,
e60000g4.bmp,60000,4,60000.0,4.217067306297864,1.0,RGB8,daA2500-14uc,40031417,2026-09-18T16:05:42,2592,1944,682,415,889,830,5,1.0,83433,179.3177705304863,254.76779952584624,0.7218688052451687,0.14596812396026324,0.021306693212478772,-8.324857923049034e-05,0.0,0.9155811652406728,0.9999068738723008,0,high_roi_mean;near_white_pixels;channel_saturation,ok,
e70000g4.bmp,70000,4,70000.0,4.217067306297864,1.0,RGB8,daA2500-14uc,40031417,2026-09-18T16:05:43,2592,1944,682,415,889,830,5,1.0,83433,188.05100086130795,255.0,0.0,0.0,0.0,-1.52587890625e-05,0.0,1.0,1.0,0,high_roi_mean;near_white_pixels;channel_saturation,ok,
e80000g4.bmp,80000,4,80000.0,4.217067306297864,1.0,RGB8,daA2500-14uc,40031417,2026-09-18T16:05:43,2592,1944,682,415,889,830,5,1.0,83433,195.518527329461,255.0,0.0,0.0,0.0,-1.52587890625e-05,0.0,1.0,1.0,0,high_roi_mean;near_white_pixels;channel_saturation,ok,
e90000g4.bmp,90000,4,90000.0,4.217067306297864,1.0,RGB8,daA2500-14uc,40031417,2026-09-18T16:05:44,2592,1944,682,415,889,830,5,1.0,83433,201.6729714123149,255.0,0.0,0.0,0.0,-1.52587890625e-05,0.0,1.0,1.0,0,high_roi_mean;near_white_pixels;channel_saturation,ok,
e100000g4.bmp,100000,4,100000.0,4.217067306297864,1.0,RGB8,daA2500-14uc,40031417,2026-09-18T16:05:44,2592,1944,682,415,889,830,5,1.0,83433,206.81490030399803,255.0,0.0,0.0,0.0,-1.52587890625e-05,0.0,1.0,1.0,0,high_roi_mean;near_white_pixels;channel_saturation,ok,
e200000g4.bmp,200000,4,200000.0,4.217067306297864,1.0,RGB8,daA2500-14uc,40031417,2026-09-18T16:05:44,2592,1944,682,415,889,830,5,1.0,83433,232.76803625451686,255.0,0.0,0.0,0.0,-1.52587890625e-05,0.0,1.0,1.0,0,high_roi_mean;near_white_pixels;channel_saturation,ok,
e300000g4.bmp,300000,4,300000.0,4.217067306297864,1.0,RGB8,daA2500-14uc,40031417,2026-09-18T16:05:45,2592,1944,682,415,889,830,5,1.0,83433,244.4951210004747,255.0,0.0,0.0,0.0,-1.52587890625e-05,0.0,1.0,1.0,0,high_roi_mean;near_white_pixels;channel_saturation,ok,
e400000g4.bmp,400000,4,400000.0,4.217067306297864,1.0,RGB8,daA2500-14uc,40031417,2026-09-18T16:05:45,2592,1944,682,415,889,830,5,1.0,83433,251.00545131506246,255.0,0.0,0.0,0.0,-1.52587890625e-05,0.0,1.0,1.0,0,high_roi_mean;near_white_pixels;channel_saturation,ok,
e500000g4.bmp,500000,4,500000.0,4.217067306297864,1.0,RGB8,daA2500-14uc,40031417,2026-09-18T16:05:46,2592,1944,682,415,889,830,5,1.0,83433,253.62185375030165,255.0,0.0,0.0,0.0,-1.52587890625e-05,0.0,1.0,1.0,0,high_roi_mean;near_white_pixels;channel_saturation,ok,
e600000g4.bmp,600000,4,600000.0,4.217067306297864,1.0,RGB8,daA2500-14uc,40031417,2026-09-18T16:05:47,2592,1944,682,415,889,830,5,1.0,83433,254.67567744274083,255.0,0.0,0.0,0.0,-1.52587890625e-05,0.0,1.0,1.0,0,high_roi_mean;near_white_pixels;channel_saturation,ok,
e700000g4.bmp,700000,4,700000.0,4.217067306297864,1.0,RGB8,daA2500-14uc,40031417,2026-09-18T16:05:48,2592,1944,682,415,889,830,5,1.0,83433,254.81559834489946,255.0,0.0,0.0,0.0,-1.52587890625e-05,0.0,1.0,1.0,0,high_roi_mean;near_white_pixels;channel_saturation,ok,
e800000g4.bmp,800000,4,800000.0,4.217067306297864,1.0,RGB8,daA2500-14uc,40031417,2026-09-18T16:05:50,2592,1944,682,415,889,830,5,1.0,83433,254.91801198468374,255.0,0.0,0.0,0.0,-1.52587890625e-05,0.0,1.0,1.0,0,high_roi_mean;near_white_pixels;channel_saturation,ok,
e900000g4.bmp,900000,4,900000.0,4.217067306297864,1.0,RGB8,daA2500-14uc,40031417,2026-09-18T16:05:51,2592,1944,682,415,889,830,5,1.0,83433,254.95848353472854,255.0,0.0,0.0,0.0,-1.52587890625e-05,0.0,1.0,1.0,0,high_roi_mean;near_white_pixels;channel_saturation,ok,
e990000g4.bmp,990000,4,990000.0,4.217067306297864,1.0,RGB8,daA2500-14uc,40031417,2026-09-18T16:05:53,2592,1944,682,415,889,830,5,1.0,83433,254.97925137253588,255.0,0.0,0.0,0.0,-1.52587890625e-05,0.0,1.0,1.0,0,high_roi_mean;near_white_pixels;channel_saturation,ok,
e10g5.bmp,10,5,10.0,4.860760973725889,1.0,RGB8,daA2500-14uc,40031417,2026-09-18T16:05:54,2592,1944,682,415,889,830,5,1.0,83433,4.560932886247015,5.796238974447779,1.5748412195082306,0.5070631263873794,0.2571130141417434,0.0005831272158323779,0.0,0.0,0.0,1,,ok,
e1000g5.bmp,1000,5,1000.0,4.860760973725889,1.0,RGB8,daA2500-14uc,40031417,2026-09-18T16:05:55,2592,1944,682,415,889,830,5,1.0,83433,23.81977245850639,39.391629779692,2.327255902017687,0.4665943083729863,0.21771024860606544,-0.00015308840590033226,0.0,0.0,0.0,1,,ok,
e2000g5.bmp,2000,5,2000.0,4.860760973725889,1.0,RGB8,daA2500-14uc,40031417,2026-09-18T16:05:55,2592,1944,682,415,889,830,5,1.0,83433,36.139052550900516,57.750583184949804,3.007207892309599,0.5660880468695116,0.3204556768085384,0.00014737927637763985,0.0,0.0,0.0,1,,ok,
e3000g5.bmp,3000,5,3000.0,4.860760973725889,1.0,RGB8,daA2500-14uc,40031417,2026-09-18T16:05:56,2592,1944,682,415,889,830,5,1.0,83433,45.171758129635975,71.05046692369676,3.4993130376060386,0.6979921981523556,0.4871931086815572,0.0003564723559616839,0.0,0.0,0.0,1,,ok,
e4000g5.bmp,4000,5,4000.0,4.860760973725889,1.0,RGB8,daA2500-14uc,40031417,2026-09-18T16:05:56,2592,1944,682,415,889,830,5,1.0,83433,52.54267349620389,81.91282831219438,3.9345317502730714,0.8118819394837332,0.6591522836598682,0.0006737614115763641,0.0,0.0,0.0,1,,ok,
e5000g5.bmp,5000,5,5000.0,4.860760973725889,1.0,RGB8,daA2500-14uc,40031417,2026-09-18T16:05:56,2592,1944,682,415,889,830,5,1.0,83433,58.90290746793711,91.22732993689262,4.369168412819918,0.9189216465572246,0.844416992511441,0.0002990716620987705,0.0,0.0,0.0,1,,ok,
e6000g5.bmp,6000,5,6000.0,4.860760973725889,1.0,RGB8,daA2500-14uc,40031417,2026-09-18T16:05:57,2592,1944,682,415,889,830,5,1.0,83433,64.68448998382169,99.68596765922172,4.662662674930095,0.9820879390551908,0.9644967200376722,-7.080652023578238e-05,0.0,0.0,0.0,1,,ok,
e7000g5.bmp,7000,5,7000.0,4.860760973725889,1.0,RGB8,daA2500-14uc,40031417,2026-09-18T16:05:57,2592,1944,682,415,889,830,5,1.0,83433,69.92248960595755,107.33382708637923,4.916114625038033,1.0019510382011767,1.0039058829524157,0.0002264697427735803,0.0,0.0,0.0,1,,ok,
e8000g5.bmp,8000,5,8000.0,4.860760973725889,1.0,RGB8,daA2500-14uc,40031417,2026-09-18T16:05:57,2592,1944,682,415,889,830,5,1.0,83433,74.75878099676751,114.32744607616239,5.21832842846417,1.024978069780048,1.050580043530033,0.001111820134944778,0.0,0.0,0.0,1,,ok,
e9000g5.bmp,9000,5,9000.0,4.860760973725889,1.0,RGB8,daA2500-14uc,40031417,2026-09-18T16:05:57,2592,1944,682,415,889,830,5,1.0,83433,79.24075891156073,120.83881189741416,5.499426038957249,1.0386286882536635,1.0787495520635257,0.0005758001430777071,0.0,0.0,0.0,1,,ok,
e10000g5.bmp,10000,5,10000.0,4.860760973725889,1.0,RGB8,daA2500-14uc,40031417,2026-09-18T16:05:58,2592,1944,682,415,889,830,5,1.0,83433,83.44670210651323,126.9639917623108,5.673872636856481,1.0634541121152066,1.1309346485747422,0.0004099127289952623,0.0,0.0,0.0,1,,ok,
e20000g5.bmp,20000,5,20000.0,4.860760973725889,1.0,RGB8,daA2500-14uc,40031417,2026-09-18T16:05:58,2592,1944,682,415,889,830,5,1.0,83433,116.26634296093073,174.5721794624433,7.5256294207738765,1.138276542684213,1.2956734876251248,0.0007675059520415146,0.0,0.0,0.0,1,,ok,
e30000g5.bmp,30000,5,30000.0,4.860760973725889,1.0,RGB8,daA2500-14uc,40031417,2026-09-18T16:05:58,2592,1944,682,415,889,830,5,1.0,83433,139.9398499170842,209.4033603741705,8.822750553796157,1.1847509496813782,1.4036348127709277,0.0005915888464583858,0.0,0.0,0.0,1,,ok,
e40000g5.bmp,40000,5,40000.0,4.860760973725889,1.0,RGB8,daA2500-14uc,40031417,2026-09-18T16:05:58,2592,1944,682,415,889,830,5,1.0,83433,158.25616893504227,237.8052638479359,9.70397037179126,1.1563287376995255,1.337096149629778,0.0013105714725344737,0.0,1.1640765962400325e-05,0.18373784995052675,0,channel_saturation,ok,
e50000g5.bmp,50000,5,50000.0,4.860760973725889,1.0,RGB8,daA2500-14uc,40031417,2026-09-18T16:05:59,2592,1944,682,415,889,830,5,1.0,83433,171.72890210401266,252.73695509026737,3.6454044920313136,0.550206633029177,0.3027273390293035,0.00016566721845204385,0.0,0.6246318607764391,0.8615796519410978,0,high_roi_mean;near_white_pixels;channel_saturation,ok,
e60000g5.bmp,60000,5,60000.0,4.860760973725889,1.0,RGB8,daA2500-14uc,40031417,2026-09-18T16:05:59,2592,1944,682,415,889,830,5,1.0,83433,181.84959109086043,254.99382434452198,0.05343013852211704,0.02362532220818789,0.0005581558494406959,3.208345436045989e-05,0.0,0.9994528839997672,1.0,0,high_roi_mean;near_white_pixels;channel_saturation,ok,
e70000g5.bmp,70000,5,70000.0,4.860760973725889,1.0,RGB8,daA2500-14uc,40031417,2026-09-18T16:05:59,2592,1944,682,415,889,830,5,1.0,83433,190.43010528636705,255.0,0.0,0.0,0.0,-1.52587890625e-05,0.0,1.0,1.0,0,high_roi_mean;near_white_pixels;channel_saturation,ok,
e80000g5.bmp,80000,5,80000.0,4.860760973725889,1.0,RGB8,daA2500-14uc,40031417,2026-09-18T16:06:00,2592,1944,682,415,889,830,5,1.0,83433,197.68486213773465,255.0,0.0,0.0,0.0,-1.52587890625e-05,0.0,1.0,1.0,0,high_roi_mean;near_white_pixels;channel_saturation,ok,
e90000g5.bmp,90000,5,90000.0,4.860760973725889,1.0,RGB8,daA2500-14uc,40031417,2026-09-18T16:06:00,2592,1944,682,415,889,830,5,1.0,83433,203.5996686188986,255.0,0.0,0.0,0.0,-1.52587890625e-05,0.0,1.0,1.0,0,high_roi_mean;near_white_pixels;channel_saturation,ok,
e100000g5.bmp,100000,5,100000.0,4.860760973725889,1.0,RGB8,daA2500-14uc,40031417,2026-09-18T16:06:01,2592,1944,682,415,889,830,5,1.0,83433,208.43756104847773,255.0,0.0,0.0,0.0,-1.52587890625e-05,0.0,1.0,1.0,0,high_roi_mean;near_white_pixels;channel_saturation,ok,
e200000g5.bmp,200000,5,200000.0,4.860760973725889,1.0,RGB8,daA2500-14uc,40031417,2026-09-18T16:06:01,2592,1944,682,415,889,830,5,1.0,83433,233.73593623066222,255.0,0.0,0.0,0.0,-1.52587890625e-05,0.0,1.0,1.0,0,high_roi_mean;near_white_pixels;channel_saturation,ok,
e300000g5.bmp,300000,5,300000.0,4.860760973725889,1.0,RGB8,daA2500-14uc,40031417,2026-09-18T16:06:02,2592,1944,682,415,889,830,5,1.0,83433,245.62217845070936,255.0,0.0,0.0,0.0,-1.52587890625e-05,0.0,1.0,1.0,0,high_roi_mean;near_white_pixels;channel_saturation,ok,
e400000g5.bmp,400000,5,400000.0,4.860760973725889,1.0,RGB8,daA2500-14uc,40031417,2026-09-18T16:06:02,2592,1944,682,415,889,830,5,1.0,83433,251.66976962472373,255.0,0.0,0.0,0.0,-1.52587890625e-05,0.0,1.0,1.0,0,high_roi_mean;near_white_pixels;channel_saturation,ok,
e500000g5.bmp,500000,5,500000.0,4.860760973725889,1.0,RGB8,daA2500-14uc,40031417,2026-09-18T16:06:03,2592,1944,682,415,889,830,5,1.0,83433,253.92228575857018,255.0,0.0,0.0,0.0,-1.52587890625e-05,0.0,1.0,1.0,0,high_roi_mean;near_white_pixels;channel_saturation,ok,
e600000g5.bmp,600000,5,600000.0,4.860760973725889,1.0,RGB8,daA2500-14uc,40031417,2026-09-18T16:06:04,2592,1944,682,415,889,830,5,1.0,83433,254.67003628170565,255.0,0.0,0.0,0.0,-1.52587890625e-05,0.0,1.0,1.0,0,high_roi_mean;near_white_pixels;channel_saturation,ok,
e700000g5.bmp,700000,5,700000.0,4.860760973725889,1.0,RGB8,daA2500-14uc,40031417,2026-09-18T16:06:05,2592,1944,682,415,889,830,5,1.0,83433,254.87619717840266,255.0,0.0,0.0,0.0,-1.52587890625e-05,0.0,1.0,1.0,0,high_roi_mean;near_white_pixels;channel_saturation,ok,
e800000g5.bmp,800000,5,800000.0,4.860760973725889,1.0,RGB8,daA2500-14uc,40031417,2026-09-18T16:06:07,2592,1944,682,415,889,830,5,1.0,83433,254.94200056600235,255.0,0.0,0.0,0.0,-1.52587890625e-05,0.0,1.0,1.0,0,high_roi_mean;near_white_pixels;channel_saturation,ok,
e900000g5.bmp,900000,5,900000.0,4.860760973725889,1.0,RGB8,daA2500-14uc,40031417,2026-09-18T16:06:08,2592,1944,682,415,889,830,5,1.0,83433,254.97328967196466,255.0,0.0,0.0,0.0,-1.52587890625e-05,0.0,1.0,1.0,0,high_roi_mean;near_white_pixels;channel_saturation,ok,
e990000g5.bmp,990000,5,990000.0,4.860760973725889,1.0,RGB8,daA2500-14uc,40031417,2026-09-18T16:06:10,2592,1944,682,415,889,830,5,1.0,83433,254.98720223928166,255.0,0.0,0.0,0.0,-1.52587890625e-05,0.0,1.0,1.0,0,high_roi_mean;near_white_pixels;channel_saturation,ok,
e10g6.bmp,10,6,10.0,6.020599913279624,1.0,RGB8,daA2500-14uc,40031417,2026-09-18T16:06:11,2592,1944,682,415,889,830,5,1.0,83433,4.773458330951836,6.077075442648359,1.6978099226381769,0.5312927267959474,0.2822719615462732,0.00036141423419068454,0.0,0.0,0.0,1,,ok,
e1000g6.bmp,1000,6,1000.0,6.020599913279624,1.0,RGB8,daA2500-14uc,40031417,2026-09-18T16:06:12,2592,1944,682,415,889,830,5,1.0,83433,25.581787114237223,42.084010555977166,2.428893716086791,0.48880353807622867,0.23892889883583915,0.00020355385183929396,0.0,0.0,0.0,1,,ok,
e2000g6.bmp,2000,6,2000.0,6.020599913279624,1.0,RGB8,daA2500-14uc,40031417,2026-09-18T16:06:12,2592,1944,682,415,889,830,5,1.0,83433,38.640532449877426,61.496014148118675,3.1108835789193128,0.6012632000136815,0.3615174356906924,0.0005173383860929672,0.0,0.0,0.0,1,,ok,
e3000g6.bmp,3000,6,3000.0,6.020599913279624,1.0,RGB8,daA2500-14uc,40031417,2026-09-18T16:06:12,2592,1944,682,415,889,830,5,1.0,83433,48.251504279152684,75.54746316050867,3.664072098044053,0.7057760260979643,0.4981197990146343,4.4183012219924034e-05,0.0,0.0,0.0,1,,ok,
e4000g6.bmp,4000,6,4000.0,6.020599913279624,1.0,RGB8,daA2500-14uc,40031417,2026-09-18T16:06:13,2592,1944,682,415,889,830,5,1.0,83433,56.026494665844254,86.99271443063212,4.139781744718664,0.8268686518102755,0.6837117673465425,0.0003533748490321201,0.0,0.0,0.0,1,,ok,
e5000g6.bmp,5000,6,5000.0,6.020599913279624,1.0,RGB8,daA2500-14uc,40031417,2026-09-18T16:06:13,2592,1944,682,415,889,830,5,1.0,83433,62.71137147399564,96.87994538543596,4.5651269338651055,0.9534510297745072,0.9090688661780683,0.000521809143803074,0.0,0.0,0.0,1,,ok,
e6000g6.bmp,6000,6,6000.0,6.020599913279624,1.0,RGB8,daA2500-14uc,40031417,2026-09-18T16:06:13,2592,1944,682,415,889,830,5,1.0,83433,68.75531360183913,105.68651672926349,4.858084246862747,1.003124380597203,1.0062585229485221,0.0007384199198442257,0.0,0.0,0.0,1,,ok,
e7000g6.bmp,7000,6,7000.0,6.020599913279624,1.0,RGB8,daA2500-14uc,40031417,2026-09-18T16:06:13,2592,1944,682,415,889,830,5,1.0,83433,74.3426754708616,113.74416565719399,5.162620094304982,1.0418869070548364,1.0855283270922935,0.00029893778900786223,0.0,0.0,0.0,1,,ok,
e8000g6.bmp,8000,6,8000.0,6.020599913279624,1.0,RGB8,daA2500-14uc,40031417,2026-09-18T16:06:14,2592,1944,682,415,889,830,5,1.0,83433,79.44085306244601,121.18240941751893,5.510699973778451,1.0793415065537824,1.1649780877697886,0.0005353329778424847,0.0,0.0,0.0,1,,ok,
e9000g6.bmp,9000,6,9000.0,6.020599913279624,1.0,RGB8,daA2500-14uc,40031417,2026-09-18T16:06:14,2592,1944,682,415,889,830,5,1.0,83433,84.0962037457768,128.02136196826766,5.756421204861189,1.0870685139008027,1.1817179539144997,0.0005044531010930458,0.0,0.0,0.0,1,,ok,
e10000g6.bmp,10000,6,10000.0,6.020599913279624,1.0,RGB8,daA2500-14uc,40031417,2026-09-18T16:06:14,2592,1944,682,415,889,830,5,1.0,83433,88.54008502538674,134.44215425864675,6.002424014480121,1.1103946668137277,1.232976316088369,-0.00010996193035551356,0.0,0.0,0.0,1,,ok,
e20000g6.bmp,20000,6,20000.0,6.020599913279624,1.0,RGB8,daA2500-14uc,40031417,2026-09-18T16:06:14,2592,1944,682,415,889,830,5,1.0,83433,123.07812858871708,184.5499389511667,7.931681945939843,1.1966137981806346,1.4318845819962844,0.0008909144467903887,0.0,0.0,0.0,1,,ok,
e30000g6.bmp,30000,6,30000.0,6.020599913279624,1.0,RGB8,daA2500-14uc,40031417,2026-09-18T16:06:15,2592,1944,682,415,889,830,5,1.0,83433,147.49695493334983,221.18745902374357,9.288543586040928,1.2454493915690756,1.5511441869597808,0.0013688265675072925,0.0,0.0,0.0,1,,ok,
e40000g6.bmp,40000,6,40000.0,6.020599913279624,1.0,RGB8,daA2500-14uc,40031417,2026-09-18T16:06:15,2592,1944,682,415,889,830,5,1.0,83433,165.72611023412492,248.0331981779942,7.296606186261237,0.8803210679442072,0.7749651826664293,0.0003633163891259491,0.0,0.3031255456609045,0.6027821430650137,0,near_white_pixels;channel_saturation,ok,
e50000g6.bmp,50000,6,50000.0,6.020599913279624,1.0,RGB8,daA2500-14uc,40031417,2026-09-18T16:06:15,2592,1944,682,415,889,830,5,1.0,83433,178.6164662401009,254.82734999152947,0.5677617117047691,0.1283448096298082,0.016472390158911707,-2.5770569999842687e-05,0.0,0.9319946452476573,0.9999068738723008,0,high_roi_mean;near_white_pixels;channel_saturation,ok,
e60000g6.bmp,60000,6,60000.0,6.020599913279624,1.0,RGB8,daA2500-14uc,40031417,2026-09-18T16:06:16,2592,1944,682,415,889,830,5,1.0,83433,188.8302160527565,255.0,0.0,0.0,0.0,-1.52587890625e-05,0.0,1.0,1.0,0,high_roi_mean;near_white_pixels;channel_saturation,ok,
e70000g6.bmp,70000,6,70000.0,6.020599913279624,1.0,RGB8,daA2500-14uc,40031417,2026-09-18T16:06:16,2592,1944,682,415,889,830,5,1.0,83433,197.27797792590687,255.0,0.0,0.0,0.0,-1.52587890625e-05,0.0,1.0,1.0,0,high_roi_mean;near_white_pixels;channel_saturation,ok,
e80000g6.bmp,80000,6,80000.0,6.020599913279624,1.0,RGB8,daA2500-14uc,40031417,2026-09-18T16:06:17,2592,1944,682,415,889,830,5,1.0,83433,203.93249880766396,255.0,0.0,0.0,0.0,-1.52587890625e-05,0.0,1.0,1.0,0,high_roi_mean;near_white_pixels;channel_saturation,ok,
e90000g6.bmp,90000,6,90000.0,6.020599913279624,1.0,RGB8,daA2500-14uc,40031417,2026-09-18T16:06:17,2592,1944,682,415,889,830,5,1.0,83433,209.32319799049304,255.0,0.0,0.0,0.0,-1.52587890625e-05,0.0,1.0,1.0,0,high_roi_mean;near_white_pixels;channel_saturation,ok,
e100000g6.bmp,100000,6,100000.0,6.020599913279624,1.0,RGB8,daA2500-14uc,40031417,2026-09-18T16:06:17,2592,1944,682,415,889,830,5,1.0,83433,213.72908583192032,255.0,0.0,0.0,0.0,-1.52587890625e-05,0.0,1.0,1.0,0,high_roi_mean;near_white_pixels;channel_saturation,ok,
e200000g6.bmp,200000,6,200000.0,6.020599913279624,1.0,RGB8,daA2500-14uc,40031417,2026-09-18T16:06:18,2592,1944,682,415,889,830,5,1.0,83433,237.68814659977835,255.0,0.0,0.0,0.0,-1.52587890625e-05,0.0,1.0,1.0,0,high_roi_mean;near_white_pixels;channel_saturation,ok,
e300000g6.bmp,300000,6,300000.0,6.020599913279624,1.0,RGB8,daA2500-14uc,40031417,2026-09-18T16:06:18,2592,1944,682,415,889,830,5,1.0,83433,248.68974721682417,255.0,0.0,0.0,0.0,-1.52587890625e-05,0.0,1.0,1.0,0,high_roi_mean;near_white_pixels;channel_saturation,ok,
e400000g6.bmp,400000,6,400000.0,6.020599913279624,1.0,RGB8,daA2500-14uc,40031417,2026-09-18T16:06:19,2592,1944,682,415,889,830,5,1.0,83433,253.09359778624,255.0,0.0,0.0,0.0,-1.52587890625e-05,0.0,1.0,1.0,0,high_roi_mean;near_white_pixels;channel_saturation,ok,
e500000g6.bmp,500000,6,500000.0,6.020599913279624,1.0,RGB8,daA2500-14uc,40031417,2026-09-18T16:06:20,2592,1944,682,415,889,830,5,1.0,83433,254.50552178474123,255.0,0.0,0.0,0.0,-1.52587890625e-05,0.0,1.0,1.0,0,high_roi_mean;near_white_pixels;channel_saturation,ok,
e600000g6.bmp,600000,6,600000.0,6.020599913279624,1.0,RGB8,daA2500-14uc,40031417,2026-09-18T16:06:21,2592,1944,682,415,889,830,5,1.0,83433,254.8486268393093,255.0,0.0,0.0,0.0,-1.52587890625e-05,0.0,1.0,1.0,0,high_roi_mean;near_white_pixels;channel_saturation,ok,
e700000g6.bmp,700000,6,700000.0,6.020599913279624,1.0,RGB8,daA2500-14uc,40031417,2026-09-18T16:06:22,2592,1944,682,415,889,830,5,1.0,83433,254.93806347442904,255.0,0.0,0.0,0.0,-1.52587890625e-05,0.0,1.0,1.0,0,high_roi_mean;near_white_pixels;channel_saturation,ok,
e800000g6.bmp,800000,6,800000.0,6.020599913279624,1.0,RGB8,daA2500-14uc,40031417,2026-09-18T16:06:23,2592,1944,682,415,889,830,5,1.0,83433,254.974197269098,255.0,0.0,0.0,0.0,-1.52587890625e-05,0.0,1.0,1.0,0,high_roi_mean;near_white_pixels;channel_saturation,ok,
e900000g6.bmp,900000,6,900000.0,6.020599913279624,1.0,RGB8,daA2500-14uc,40031417,2026-09-18T16:06:25,2592,1944,682,415,889,830,5,1.0,83433,254.9895566190923,255.0,0.0,0.0,0.0,-1.52587890625e-05,0.0,1.0,1.0,0,high_roi_mean;near_white_pixels;channel_saturation,ok,
e990000g6.bmp,990000,6,990000.0,6.020599913279624,1.0,RGB8,daA2500-14uc,40031417,2026-09-18T16:06:27,2592,1944,682,415,889,830,5,1.0,83433,254.99521354007896,255.0,0.0,0.0,0.0,-1.52587890625e-05,0.0,1.0,1.0,0,high_roi_mean;near_white_pixels;channel_saturation,ok,
e10g7.bmp,10,7,10.0,7.0436503622272495,1.0,RGB8,daA2500-14uc,40031417,2026-09-18T16:06:28,2592,1944,682,415,889,830,5,1.0,83433,5.202045863856183,6.756606961996548,1.78198794325971,0.5465652564639186,0.29873357957346913,8.325200835679434e-05,3.492229788720098e-05,0.0,0.0,1,,ok,
e1000g7.bmp,1000,7,1000.0,7.0436503622272495,1.0,RGB8,daA2500-14uc,40031417,2026-09-18T16:06:29,2592,1944,682,415,889,830,5,1.0,83433,27.50148479573108,44.86671920406909,2.5507692976424585,0.507592985168281,0.2576506385920467,0.00022277725956942995,0.0,0.0,0.0,1,,ok,
e2000g7.bmp,2000,7,2000.0,7.0436503622272495,1.0,RGB8,daA2500-14uc,40031417,2026-09-18T16:06:29,2592,1944,682,415,889,830,5,1.0,83433,41.14382969281867,65.12515022478104,3.3257755367758146,0.6642015629686695,0.44116371625002343,0.0003878183195583629,0.0,0.0,0.0,1,,ok,
e3000g7.bmp,3000,7,3000.0,7.0436503622272495,1.0,RGB8,daA2500-14uc,40031417,2026-09-18T16:06:29,2592,1944,682,415,889,830,5,1.0,83433,51.14875911736174,79.85026678413155,3.8539435912298936,0.8143139206570461,0.66310716137585,-0.00014776452728747355,0.0,0.0,0.0,1,,ok,
e4000g7.bmp,4000,7,4000.0,7.0436503622272495,1.0,RGB8,daA2500-14uc,40031417,2026-09-18T16:06:29,2592,1944,682,415,889,830,5,1.0,83433,59.30418980747186,91.8497489550416,4.394484635607835,0.9555570952709617,0.9130893623226778,0.0003053278515711615,0.0,0.0,0.0,1,,ok,
e5000g7.bmp,5000,7,5000.0,7.0436503622272495,1.0,RGB8,daA2500-14uc,40031417,2026-09-18T16:06:30,2592,1944,682,415,889,830,5,1.0,83433,66.50166288127761,102.30991218140153,4.765946300765206,1.0386694864268482,1.0788343020342128,0.0004543244868005053,0.0,0.0,0.0,1,,ok,
e6000g7.bmp,6000,7,6000.0,7.0436503622272495,1.0,RGB8,daA2500-14uc,40031417,2026-09-18T16:06:30,2592,1944,682,415,889,830,5,1.0,83433,72.89336997404962,111.58521067177095,5.104334928578397,1.0806659403743115,1.1678388746850952,7.227062000253946e-05,0.0,0.0,0.0,1,,ok,
e7000g7.bmp,7000,7,7000.0,7.0436503622272495,1.0,RGB8,daA2500-14uc,40031417,2026-09-18T16:06:30,2592,1944,682,415,889,830,5,1.0,83433,78.70133785202489,120.02309061979277,5.49946776024618,1.1173803074927124,1.2485387515725088,0.0002231048097139883,0.0,0.0,0.0,1,,ok,
e8000g7.bmp,8000,7,8000.0,7.0436503622272495,1.0,RGB8,daA2500-14uc,40031417,2026-09-18T16:06:30,2592,1944,682,415,889,830,5,1.0,83433,84.03306216857504,127.82901700886141,5.749536739425811,1.137875481457695,1.2947606113025811,0.00027042419229492153,0.0,0.0,0.0,1,,ok,
e9000g7.bmp,9000,7,9000.0,7.0436503622272495,1.0,RGB8,daA2500-14uc,40031417,2026-09-18T16:06:31,2592,1944,682,415,889,830,5,1.0,83433,89.00438727224952,135.08436766812565,6.0479552999880175,1.1554347875963942,1.3350295483879246,0.00041490507967705,0.0,0.0,0.0,1,,ok,
e10000g7.bmp,10000,7,10000.0,7.0436503622272495,1.0,RGB8,daA2500-14uc,40031417,2026-09-18T16:06:31,2592,1944,682,415,889,830,5,1.0,83433,93.66975649950147,141.80867990713918,6.257693189134946,1.1668435275507596,1.3615238177871005,0.000437559442578551,0.0,0.0,0.0,1,,ok,
e20000g7.bmp,20000,7,20000.0,7.0436503622272495,1.0,RGB8,daA2500-14uc,40031417,2026-09-18T16:06:31,2592,1944,682,415,889,830,5,1.0,83433,129.9132481856964,194.49833581061964,8.288613424831798,1.258965377453716,1.5849938216271775,0.0010744959697147525,0.0,0.0,0.0,1,,ok,
e30000g7.bmp,30000,7,30000.0,7.0436503622272495,1.0,RGB8,daA2500-14uc,40031417,2026-09-18T16:06:32,2592,1944,682,415,889,830,5,1.0,83433,155.0287095945343,232.9063486386883,9.743665482435896,1.3102799763914292,1.7168336165323246,0.0013176764393496316,0.0,0.0,0.02035969966823817,0,channel_saturation,ok,
e40000g7.bmp,40000,7,40000.0,7.0436503622272495,1.0,RGB8,daA2500-14uc,40031417,2026-09-18T16:06:32,2592,1944,682,415,889,830,5,1.0,83433,172.57028098525694,253.25055503110295,3.044787887402335,0.5307109659452806,0.28165412937457274,1.558432745296001e-05,0.0,0.6696234212211164,0.8939991851463827,0,high_roi_mean;near_white_pixels;channel_saturation,ok,
e50000g7.bmp,50000,7,50000.0,7.0436503622272495,1.0,RGB8,daA2500-14uc,40031417,2026-09-18T16:06:32,2592,1944,682,415,889,830,5,1.0,83433,185.1697926926948,254.99995450818645,0.007218904345962393,0.0032107596763444463,1.0308977699239494e-05,-8.039335150472535e-06,0.0,0.9999883592340376,1.0,0,high_roi_mean;near_white_pixels;channel_saturation,ok,
e60000g7.bmp,60000,7,60000.0,7.0436503622272495,1.0,RGB8,daA2500-14uc,40031417,2026-09-18T16:06:32,2592,1944,682,415,889,830,5,1.0,83433,195.3163267711191,255.0,0.0,0.0,0.0,-1.52587890625e-05,0.0,1.0,1.0,0,high_roi_mean;near_white_pixels;channel_saturation,ok,
e70000g7.bmp,70000,7,70000.0,7.0436503622272495,1.0,RGB8,daA2500-14uc,40031417,2026-09-18T16:06:33,2592,1944,682,415,889,830,5,1.0,83433,203.1994813695511,255.0,0.0,0.0,0.0,-1.52587890625e-05,0.0,1.0,1.0,0,high_roi_mean;near_white_pixels;channel_saturation,ok,
e80000g7.bmp,80000,7,80000.0,7.0436503622272495,1.0,RGB8,daA2500-14uc,40031417,2026-09-18T16:06:33,2592,1944,682,415,889,830,5,1.0,83433,209.3691708650469,255.0,0.0,0.0,0.0,-1.52587890625e-05,0.0,1.0,1.0,0,high_roi_mean;near_white_pixels;channel_saturation,ok,
e90000g7.bmp,90000,7,90000.0,7.0436503622272495,1.0,RGB8,daA2500-14uc,40031417,2026-09-18T16:06:34,2592,1944,682,415,889,830,5,1.0,83433,214.26765960294892,255.0,0.0,0.0,0.0,-1.52587890625e-05,0.0,1.0,1.0,0,high_roi_mean;near_white_pixels;channel_saturation,ok,
e100000g7.bmp,100000,7,100000.0,7.0436503622272495,1.0,RGB8,daA2500-14uc,40031417,2026-09-18T16:06:34,2592,1944,682,415,889,830,5,1.0,83433,218.35214883183613,255.0,0.0,0.0,0.0,-1.52587890625e-05,0.0,1.0,1.0,0,high_roi_mean;near_white_pixels;channel_saturation,ok,
e200000g7.bmp,200000,7,200000.0,7.0436503622272495,1.0,RGB8,daA2500-14uc,40031417,2026-09-18T16:06:34,2592,1944,682,415,889,830,5,1.0,83433,241.21488391195763,255.0,0.0,0.0,0.0,-1.52587890625e-05,0.0,1.0,1.0,0,high_roi_mean;near_white_pixels;channel_saturation,ok,
e300000g7.bmp,300000,7,300000.0,7.0436503622272495,1.0,RGB8,daA2500-14uc,40031417,2026-09-18T16:06:35,2592,1944,682,415,889,830,5,1.0,83433,250.95126122200946,255.0,0.0,0.0,0.0,-1.52587890625e-05,0.0,1.0,1.0,0,high_roi_mean;near_white_pixels;channel_saturation,ok,
e400000g7.bmp,400000,7,400000.0,7.0436503622272495,1.0,RGB8,daA2500-14uc,40031417,2026-09-18T16:06:35,2592,1944,682,415,889,830,5,1.0,83433,253.9692727720701,255.0,0.0,0.0,0.0,-1.52587890625e-05,0.0,1.0,1.0,0,high_roi_mean;near_white_pixels;channel_saturation,ok,
e500000g7.bmp,500000,7,500000.0,7.0436503622272495,1.0,RGB8,daA2500-14uc,40031417,2026-09-18T16:06:36,2592,1944,682,415,889,830,5,1.0,83433,254.76478022417024,255.0,0.0,0.0,0.0,-1.52587890625e-05,0.0,1.0,1.0,0,high_roi_mean;near_white_pixels;channel_saturation,ok,
e600000g7.bmp,600000,7,600000.0,7.0436503622272495,1.0,RGB8,daA2500-14uc,40031417,2026-09-18T16:06:37,2592,1944,682,415,889,830,5,1.0,83433,254.92715335529073,255.0,0.0,0.0,0.0,-1.52587890625e-05,0.0,1.0,1.0,0,high_roi_mean;near_white_pixels;channel_saturation,ok,
e700000g7.bmp,700000,7,700000.0,7.0436503622272495,1.0,RGB8,daA2500-14uc,40031417,2026-09-18T16:06:38,2592,1944,682,415,889,830,5,1.0,83433,254.97239700423586,255.0,0.0,0.0,0.0,-1.52587890625e-05,0.0,1.0,1.0,0,high_roi_mean;near_white_pixels;channel_saturation,ok,
e800000g7.bmp,800000,7,800000.0,7.0436503622272495,1.0,RGB8,daA2500-14uc,40031417,2026-09-18T16:06:40,2592,1944,682,415,889,830,5,1.0,83433,254.98995816841466,255.0,0.0,0.0,0.0,-1.52587890625e-05,0.0,1.0,1.0,0,high_roi_mean;near_white_pixels;channel_saturation,ok,
e900000g7.bmp,900000,7,900000.0,7.0436503622272495,1.0,RGB8,daA2500-14uc,40031417,2026-09-18T16:06:41,2592,1944,682,415,889,830,5,1.0,83433,254.99600236125394,255.0,0.0,0.0,0.0,-1.52587890625e-05,0.0,1.0,1.0,0,high_roi_mean;near_white_pixels;channel_saturation,ok,
e990000g7.bmp,990000,7,990000.0,7.0436503622272495,1.0,RGB8,daA2500-14uc,40031417,2026-09-18T16:06:43,2592,1944,682,415,889,830,5,1.0,83433,254.99869831993342,255.0,0.0,0.0,0.0,-1.52587890625e-05,0.0,1.0,1.0,0,high_roi_mean;near_white_pixels;channel_saturation,ok,
e10g8.bmp,10,8,10.0,7.958800173440752,1.0,RGB8,daA2500-14uc,40031417,2026-09-18T16:06:44,2592,1944,682,415,889,830,5,1.0,83433,5.897987753351559,7.680275164817003,1.7914670001624113,0.5394018048621569,0.29095430708855247,0.0001446778606834383,0.0,0.0,0.0,1,,ok,
e1000g8.bmp,1000,8,1000.0,7.958800173440752,1.0,RGB8,daA2500-14uc,40031417,2026-09-18T16:06:45,2592,1944,682,415,889,830,5,1.0,83433,29.603939569520648,47.872980426974614,2.706993339614419,0.48012891314682365,0.23052377323955014,0.0003987728692840784,0.0,0.0,0.0,1,,ok,
e2000g8.bmp,2000,8,2000.0,7.958800173440752,1.0,RGB8,daA2500-14uc,40031417,2026-09-18T16:06:45,2592,1944,682,415,889,830,5,1.0,83433,43.91033399519096,69.04288784609041,3.4357680127310366,0.6449807044745578,0.41600010914449687,0.0007312520399918104,0.0,0.0,0.0,1,,ok,
e3000g8.bmp,3000,8,3000.0,7.958800173440752,1.0,RGB8,daA2500-14uc,40031417,2026-09-18T16:06:46,2592,1944,682,415,889,830,5,1.0,83433,54.40794335094053,84.4327901862524,4.021429470879963,0.796839150441272,0.634952631675968,0.00036673353634873,0.0,0.0,0.0,1,,ok,
e4000g8.bmp,4000,8,4000.0,7.958800173440752,1.0,RGB8,daA2500-14uc,40031417,2026-09-18T16:06:46,2592,1944,682,415,889,830,5,1.0,83433,62.825042145942874,97.05133830752628,4.556854376515942,0.9338820472110198,0.8721356781030453,0.000311174923414643,0.0,0.0,0.0,1,,ok,
e5000g8.bmp,5000,8,5000.0,7.958800173440752,1.0,RGB8,daA2500-14uc,40031417,2026-09-18T16:06:46,2592,1944,682,415,889,830,5,1.0,83433,70.21839119080391,107.92307562477534,4.941271022770187,1.0132036780641902,1.0265816932428031,0.00039661137667045524,0.0,0.0,0.0,1,,ok,
e6000g8.bmp,6000,8,6000.0,7.958800173440752,1.0,RGB8,daA2500-14uc,40031417,2026-09-18T16:06:47,2592,1944,682,415,889,830,5,1.0,83433,76.84164493034915,117.68241704673582,5.380606608566011,1.1374495958297848,1.2937915830533409,0.00039221944314365645,0.0,0.0,0.0,1,,ok,
e7000g8.bmp,7000,8,7000.0,7.958800173440752,1.0,RGB8,daA2500-14uc,40031417,2026-09-18T16:06:47,2592,1944,682,415,889,830,5,1.0,83433,82.76031637925969,126.48732108175044,5.679436031065465,1.1613561209871106,1.3487480397542282,0.000703393177794514,0.0,0.0,0.0,1,,ok,
e8000g8.bmp,8000,8,8000.0,7.958800173440752,1.0,RGB8,daA2500-14uc,40031417,2026-09-18T16:06:47,2592,1944,682,415,889,830,5,1.0,83433,88.07557722697726,134.47714556691867,6.020924605917989,1.1825165989072581,1.398345506691189,0.0007483655748896195,0.0,0.0,0.0,1,,ok,
e9000g8.bmp,9000,8,9000.0,7.958800173440752,1.0,RGB8,daA2500-14uc,40031417,2026-09-18T16:06:47,2592,1944,682,415,889,830,5,1.0,83433,93.21841264828785,142.0047749017505,6.2865886498035675,1.2086685124129508,1.4608795728985355,0.0007953367411248023,0.0,0.0,0.0,1,,ok,
e10000g8.bmp,10000,8,10000.0,7.958800173440752,1.0,RGB8,daA2500-14uc,40031417,2026-09-18T16:06:48,2592,1944,682,415,889,830,5,1.0,83433,98.02088730737661,149.04421989965354,6.583194136317395,1.2284805781696713,1.50916453094009,0.0005999176913122843,0.0,0.0,0.0,1,,ok,
e20000g8.bmp,20000,8,20000.0,7.958800173440752,1.0,RGB8,daA2500-14uc,40031417,2026-09-18T16:06:48,2592,1944,682,415,889,830,5,1.0,83433,135.54862516491863,204.10488138742272,8.642894833244874,1.3050136541848607,1.7030606376089232,0.0008579904449902916,0.0,0.0,0.0,1,,ok,
e30000g8.bmp,30000,8,30000.0,7.958800173440752,1.0,RGB8,daA2500-14uc,40031417,2026-09-18T16:06:48,2592,1944,682,415,889,830,5,1.0,83433,160.86814650570923,243.22050591885062,8.888853673082206,1.126213009511601,1.2683557427931775,0.0020450619794077844,0.0,0.04035853559164193,0.4006286013619696,0,near_white_pixels;channel_saturation,ok,
e40000g8.bmp,40000,8,40000.0,7.958800173440752,1.0,RGB8,daA2500-14uc,40031417,2026-09-18T16:06:48,2592,1944,682,415,889,830,5,1.0,83433,177.5208159892896,254.82930904224347,0.5941386365438857,0.13088650608818544,0.017131277475972605,9.066006421554196e-05,0.0,0.9378266689948198,0.999534369361504,0,high_roi_mean;near_white_pixels;channel_saturation,ok,
e50000g8.bmp,50000,8,50000.0,7.958800173440752,1.0,RGB8,daA2500-14uc,40031417,2026-09-18T16:06:49,2592,1944,682,415,889,830,5,1.0,83433,189.98160210012287,255.0,0.0,0.0,0.0,-1.52587890625e-05,0.0,1.0,1.0,0,high_roi_mean;near_white_pixels;channel_saturation,ok,
e60000g8.bmp,60000,8,60000.0,7.958800173440752,1.0,RGB8,daA2500-14uc,40031417,2026-09-18T16:06:49,2592,1944,682,415,889,830,5,1.0,83433,199.57056926880904,255.0,0.0,0.0,0.0,-1.52587890625e-05,0.0,1.0,1.0,0,high_roi_mean;near_white_pixels;channel_saturation,ok,
e70000g8.bmp,70000,8,70000.0,7.958800173440752,1.0,RGB8,daA2500-14uc,40031417,2026-09-18T16:06:49,2592,1944,682,415,889,830,5,1.0,83433,206.88774200253707,255.0,0.0,0.0,0.0,-1.52587890625e-05,0.0,1.0,1.0,0,high_roi_mean;near_white_pixels;channel_saturation,ok,
e80000g8.bmp,80000,8,80000.0,7.958800173440752,1.0,RGB8,daA2500-14uc,40031417,2026-09-18T16:06:50,2592,1944,682,415,889,830,5,1.0,83433,212.5034939496091,255.0,0.0,0.0,0.0,-1.52587890625e-05,0.0,1.0,1.0,0,high_roi_mean;near_white_pixels;channel_saturation,ok,
e90000g8.bmp,90000,8,90000.0,7.958800173440752,1.0,RGB8,daA2500-14uc,40031417,2026-09-18T16:06:50,2592,1944,682,415,889,830,5,1.0,83433,217.19993307577442,255.0,0.0,0.0,0.0,-1.52587890625e-05,0.0,1.0,1.0,0,high_roi_mean;near_white_pixels;channel_saturation,ok,
e100000g8.bmp,100000,8,100000.0,7.958800173440752,1.0,RGB8,daA2500-14uc,40031417,2026-09-18T16:06:50,2592,1944,682,415,889,830,5,1.0,83433,221.14795901027375,255.0,0.0,0.0,0.0,-1.52587890625e-05,0.0,1.0,1.0,0,high_roi_mean;near_white_pixels;channel_saturation,ok,
e200000g8.bmp,200000,8,200000.0,7.958800173440752,1.0,RGB8,daA2500-14uc,40031417,2026-09-18T16:06:51,2592,1944,682,415,889,830,5,1.0,83433,243.7069769635837,255.0,0.0,0.0,0.0,-1.52587890625e-05,0.0,1.0,1.0,0,high_roi_mean;near_white_pixels;channel_saturation,ok,
e300000g8.bmp,300000,8,300000.0,7.958800173440752,1.0,RGB8,daA2500-14uc,40031417,2026-09-18T16:06:51,2592,1944,682,415,889,830,5,1.0,83433,252.1343445154527,255.0,0.0,0.0,0.0,-1.52587890625e-05,0.0,1.0,1.0,0,high_roi_mean;near_white_pixels;channel_saturation,ok,
e400000g8.bmp,400000,8,400000.0,7.958800173440752,1.0,RGB8,daA2500-14uc,40031417,2026-09-18T16:06:52,2592,1944,682,415,889,830,5,1.0,83433,254.35034796266922,255.0,0.0,0.0,0.0,-1.52587890625e-05,0.0,1.0,1.0,0,high_roi_mean;near_white_pixels;channel_saturation,ok,
e500000g8.bmp,500000,8,500000.0,7.958800173440752,1.0,RGB8,daA2500-14uc,40031417,2026-09-18T16:06:53,2592,1944,682,415,889,830,5,1.0,83433,254.83068059981167,255.0,0.0,0.0,0.0,-1.52587890625e-05,0.0,1.0,1.0,0,high_roi_mean;near_white_pixels;channel_saturation,ok,
e600000g8.bmp,600000,8,600000.0,7.958800173440752,1.0,RGB8,daA2500-14uc,40031417,2026-09-18T16:06:54,2592,1944,682,415,889,830,5,1.0,83433,254.9387628836988,255.0,0.0,0.0,0.0,-1.52587890625e-05,0.0,1.0,1.0,0,high_roi_mean;near_white_pixels;channel_saturation,ok,
e700000g8.bmp,700000,8,700000.0,7.958800173440752,1.0,RGB8,daA2500-14uc,40031417,2026-09-18T16:06:55,2592,1944,682,415,889,830,5,1.0,83433,254.97937978204538,255.0,0.0,0.0,0.0,-1.52587890625e-05,0.0,1.0,1.0,0,high_roi_mean;near_white_pixels;channel_saturation,ok,
e800000g8.bmp,800000,8,800000.0,7.958800173440752,1.0,RGB8,daA2500-14uc,40031417,2026-09-18T16:06:56,2592,1944,682,415,889,830,5,1.0,83433,254.99418430105453,255.0,0.0,0.0,0.0,-1.52587890625e-05,0.0,1.0,1.0,0,high_roi_mean;near_white_pixels;channel_saturation,ok,
e900000g8.bmp,900000,8,900000.0,7.958800173440752,1.0,RGB8,daA2500-14uc,40031417,2026-09-18T16:06:58,2592,1944,682,415,889,830,5,1.0,83433,254.9992955320343,255.0,0.0,0.0,0.0,-1.52587890625e-05,0.0,1.0,1.0,0,high_roi_mean;near_white_pixels;channel_saturation,ok,
e990000g8.bmp,990000,8,990000.0,7.958800173440752,1.0,RGB8,daA2500-14uc,40031417,2026-09-18T16:07:00,2592,1944,682,415,889,830,5,1.0,83433,254.9999994254639,255.0,0.0,0.0,0.0,-1.52587890625e-05,0.0,1.0,1.0,0,high_roi_mean;near_white_pixels;channel_saturation,ok,
e10g9.bmp,10,9,10.0,9.172756980512986,1.0,RGB8,daA2500-14uc,40031417,2026-09-18T16:07:01,2592,1944,682,415,889,830,5,1.0,83433,6.354584615570861,8.309824793719418,1.9593758286943614,0.5598773397540837,0.31346263557010967,0.0002784027933321423,0.0,0.0,0.0,1,,ok,
e1000g9.bmp,1000,9,1000.0,9.172756980512986,1.0,RGB8,daA2500-14uc,40031417,2026-09-18T16:07:02,2592,1944,682,415,889,830,5,1.0,83433,29.626242408383817,50.013342577347714,2.7109755678728082,0.49922305223118657,0.24922365587902204,0.00036455933310694,0.0,0.0,0.0,1,,ok,
e2000g9.bmp,2000,9,2000.0,9.172756980512986,1.0,RGB8,daA2500-14uc,40031417,2026-09-18T16:07:02,2592,1944,682,415,889,830,5,1.0,83433,44.83299066453284,72.07812308561302,3.5795173008498966,0.6742485541751511,0.45461111280728156,0.0007301484099821301,0.0,0.0,0.0,1,,ok,
e3000g9.bmp,3000,9,3000.0,9.172756980512986,1.0,RGB8,daA2500-14uc,40031417,2026-09-18T16:07:02,2592,1944,682,415,889,830,5,1.0,83433,55.963037714175925,88.33024374178808,4.256101049679362,0.7935915226171066,0.6297875047697377,0.0007081986182318915,0.0,0.0,0.0,1,,ok,
e4000g9.bmp,4000,9,4000.0,9.172756980512986,1.0,RGB8,daA2500-14uc,40031417,2026-09-18T16:07:02,2592,1944,682,415,889,830,5,1.0,83433,65.42385983740728,101.86653022275426,4.89684627886109,1.1158549081378968,1.245132176015434,0.000788186875615904,0.0,0.0,0.0,1,,ok,
e5000g9.bmp,5000,9,5000.0,9.172756980512986,1.0,RGB8,daA2500-14uc,40031417,2026-09-18T16:07:03,2592,1944,682,415,889,830,5,1.0,83433,73.94410127910189,113.62685106385261,5.314049498700269,1.15889864132034,1.34304606085413,0.0008365917824196324,0.0,0.0,0.0,1,,ok,
e6000g9.bmp,6000,9,6000.0,9.172756980512986,1.0,RGB8,daA2500-14uc,40031417,2026-09-18T16:07:03,2592,1944,682,415,889,830,5,1.0,83433,81.24941774350009,124.04572541991946,5.772238371164005,1.1992133123861382,1.4381125686041334,0.0007272135350827442,0.0,0.0,0.0,1,,ok,
e7000g9.bmp,7000,9,7000.0,9.172756980512986,1.0,RGB8,daA2500-14uc,40031417,2026-09-18T16:07:03,2592,1944,682,415,889,830,5,1.0,83433,87.56787895963521,133.5235770718709,6.110303895740647,1.2174287395166994,1.4821327358012193,0.001180079591605315,0.0,0.0,0.0,1,,ok,
e8000g9.bmp,8000,9,8000.0,9.172756980512986,1.0,RGB8,daA2500-14uc,40031417,2026-09-18T16:07:03,2592,1944,682,415,889,830,5,1.0,83433,93.44313368115093,142.07051498024978,6.459117835676177,1.274509665216706,1.6243748867308,-2.7485224595212252e-05,0.0,0.0,0.0,1,,ok,
e9000g9.bmp,9000,9,9000.0,9.172756980512986,1.0,RGB8,daA2500-14uc,40031417,2026-09-18T16:07:03,2592,1944,682,415,889,830,5,1.0,83433,98.69923299849489,150.004141228069,6.705300335755042,1.2846107150842043,1.650224689309151,0.0017481680411204762,0.0,0.0,0.0,1,,ok,
e10000g9.bmp,10000,9,10000.0,9.172756980512986,1.0,RGB8,daA2500-14uc,40031417,2026-09-18T16:07:04,2592,1944,682,415,889,830,5,1.0,83433,103.62589771570802,157.30208430493659,7.049338454679233,1.3072788593231763,1.7089780160333052,0.0005395277594676455,0.0,0.0,0.0,1,,ok,
e20000g9.bmp,20000,9,20000.0,9.172756980512986,1.0,RGB8,daA2500-14uc,40031417,2026-09-18T16:07:04,2592,1944,682,415,889,830,5,1.0,83433,142.72431071129748,215.09522347965088,9.258407713213739,1.4060057335957574,1.9768521229041438,0.001901028981642643,0.0,0.0,0.0,1,,ok,
e30000g9.bmp,30000,9,30000.0,9.172756980512986,1.0,RGB8,daA2500-14uc,40031417,2026-09-18T16:07:04,2592,1944,682,415,889,830,5,1.0,83433,168.0773520185566,251.03920766462875,5.356323529966739,0.8129636406608977,0.6609098810366212,0.0009353784187588208,0.0,0.49163610965601534,0.7461963797217857,0,high_roi_mean;near_white_pixels;channel_saturation,ok,
e40000g9.bmp,40000,9,40000.0,9.172756980512986,1.0,RGB8,daA2500-14uc,40031417,2026-09-18T16:07:05,2592,1944,682,415,889,830,5,1.0,83433,184.50013000015082,254.99954022935464,0.01807609731179243,0.006499935803410035,4.224916544845165e-05,4.2576032190500163e-07,0.0,0.999941796170188,1.0,0,high_roi_mean;near_white_pixels;channel_saturation,ok,
e50000g9.bmp,50000,9,50000.0,9.172756980512986,1.0,RGB8,daA2500-14uc,40031417,2026-09-18T16:07:05,2592,1944,682,415,889,830,5,1.0,83433,196.67362081193954,255.0,0.0,0.0,0.0,-1.52587890625e-05,0.0,1.0,1.0,0,high_roi_mean;near_white_pixels;channel_saturation,ok,
e60000g9.bmp,60000,9,60000.0,9.172756980512986,1.0,RGB8,daA2500-14uc,40031417,2026-09-18T16:07:05,2592,1944,682,415,889,830,5,1.0,83433,205.27483631814255,255.0,0.0,0.0,0.0,-1.52587890625e-05,0.0,1.0,1.0,0,high_roi_mean;near_white_pixels;channel_saturation,ok,
e70000g9.bmp,70000,9,70000.0,9.172756980512986,1.0,RGB8,daA2500-14uc,40031417,2026-09-18T16:07:06,2592,1944,682,415,889,830,5,1.0,83433,211.88374977911616,255.0,0.0,0.0,0.0,-1.52587890625e-05,0.0,1.0,1.0,0,high_roi_mean;near_white_pixels;channel_saturation,ok,
e80000g9.bmp,80000,9,80000.0,9.172756980512986,1.0,RGB8,daA2500-14uc,40031417,2026-09-18T16:07:06,2592,1944,682,415,889,830,5,1.0,83433,217.4719699816307,255.0,0.0,0.0,0.0,-1.52587890625e-05,0.0,1.0,1.0,0,high_roi_mean;near_white_pixels;channel_saturation,ok,
e90000g9.bmp,90000,9,90000.0,9.172756980512986,1.0,RGB8,daA2500-14uc,40031417,2026-09-18T16:07:06,2592,1944,682,415,889,830,5,1.0,83433,221.98050937515873,255.0,0.0,0.0,0.0,-1.52587890625e-05,0.0,1.0,1.0,0,high_roi_mean;near_white_pixels;channel_saturation,ok,
e100000g9.bmp,100000,9,100000.0,9.172756980512986,1.0,RGB8,daA2500-14uc,40031417,2026-09-18T16:07:07,2592,1944,682,415,889,830,5,1.0,83433,225.8083640945311,255.0,0.0,0.0,0.0,-1.52587890625e-05,0.0,1.0,1.0,0,high_roi_mean;near_white_pixels;channel_saturation,ok,
e200000g9.bmp,200000,9,200000.0,9.172756980512986,1.0,RGB8,daA2500-14uc,40031417,2026-09-18T16:07:07,2592,1944,682,415,889,830,5,1.0,83433,247.0401468413018,255.0,0.0,0.0,0.0,-1.52587890625e-05,0.0,1.0,1.0,0,high_roi_mean;near_white_pixels;channel_saturation,ok,
e300000g9.bmp,300000,9,300000.0,9.172756980512986,1.0,RGB8,daA2500-14uc,40031417,2026-09-18T16:07:08,2592,1944,682,415,889,830,5,1.0,83433,253.378634241398,255.0,0.0,0.0,0.0,-1.52587890625e-05,0.0,1.0,1.0,0,high_roi_mean;near_white_pixels;channel_saturation,ok,
e400000g9.bmp,400000,9,400000.0,9.172756980512986,1.0,RGB8,daA2500-14uc,40031417,2026-09-18T16:07:08,2592,1944,682,415,889,830,5,1.0,83433,254.70068476862167,255.0,0.0,0.0,0.0,-1.52587890625e-05,0.0,1.0,1.0,0,high_roi_mean;near_white_pixels;channel_saturation,ok,
e500000g9.bmp,500000,9,500000.0,9.172756980512986,1.0,RGB8,daA2500-14uc,40031417,2026-09-18T16:07:09,2592,1944,682,415,889,830,5,1.0,83433,254.91344765807577,255.0,0.0,0.0,0.0,-1.52587890625e-05,0.0,1.0,1.0,0,high_roi_mean;near_white_pixels;channel_saturation,ok,
e600000g9.bmp,600000,9,600000.0,9.172756980512986,1.0,RGB8,daA2500-14uc,40031417,2026-09-18T16:07:10,2592,1944,682,415,889,830,5,1.0,83433,254.9750795001159,255.0,0.0,0.0,0.0,-1.52587890625e-05,0.0,1.0,1.0,0,high_roi_mean;near_white_pixels;channel_saturation,ok,
e700000g9.bmp,700000,9,700000.0,9.172756980512986,1.0,RGB8,daA2500-14uc,40031417,2026-09-18T16:07:11,2592,1944,682,415,889,830,5,1.0,83433,254.99422184872412,255.0,0.0,0.0,0.0,-1.52587890625e-05,0.0,1.0,1.0,0,high_roi_mean;near_white_pixels;channel_saturation,ok,
e800000g9.bmp,800000,9,800000.0,9.172756980512986,1.0,RGB8,daA2500-14uc,40031417,2026-09-18T16:07:13,2592,1944,682,415,889,830,5,1.0,83433,254.9996399452811,255.0,0.0,0.0,0.0,-1.52587890625e-05,0.0,1.0,1.0,0,high_roi_mean;near_white_pixels;channel_saturation,ok,
e900000g9.bmp,900000,9,900000.0,9.172756980512986,1.0,RGB8,daA2500-14uc,40031417,2026-09-18T16:07:14,2592,1944,682,415,889,830,5,1.0,83433,254.99999994066098,255.0,0.0,0.0,0.0,-1.52587890625e-05,0.0,1.0,1.0,0,high_roi_mean;near_white_pixels;channel_saturation,ok,
e990000g9.bmp,990000,9,990000.0,9.172756980512986,1.0,RGB8,daA2500-14uc,40031417,2026-09-18T16:07:16,2592,1944,682,415,889,830,5,1.0,83433,254.99999999999994,255.0,0.0,0.0,0.0,-1.52587890625e-05,0.0,1.0,1.0,0,high_roi_mean;near_white_pixels;channel_saturation,ok,
e10g10.bmp,10,10,10.0,9.89700043360188,1.0,RGB8,daA2500-14uc,40031417,2026-09-18T16:07:17,2592,1944,682,415,889,830,5,1.0,83433,6.679748245829204,8.654407433978921,1.9677894228332953,0.555207090800847,0.30825491367553987,0.001256345572392806,0.0,0.0,0.0,1,,ok,
e1000g10.bmp,1000,10,1000.0,9.89700043360188,1.0,RGB8,daA2500-14uc,40031417,2026-09-18T16:07:18,2592,1944,682,415,889,830,5,1.0,83433,32.425238298714305,52.25992768779844,2.859026241828475,0.4765250035731592,0.22707607903039936,0.0007712933991834438,0.0,0.0,0.0,1,,ok,
e2000g10.bmp,2000,10,2000.0,9.89700043360188,1.0,RGB8,daA2500-14uc,40031417,2026-09-18T16:07:18,2592,1944,682,415,889,830,5,1.0,83433,47.17875877085397,74.55821785229367,3.795915653518642,0.913090052655602,0.83373344425861,0.0007997781455137468,0.0,0.0,0.0,1,,ok,
e3000g10.bmp,3000,10,3000.0,9.89700043360188,1.0,RGB8,daA2500-14uc,40031417,2026-09-18T16:07:19,2592,1944,682,415,889,830,5,1.0,83433,58.547539391741914,91.1885100360966,4.442888057249887,1.0257883818044882,1.0522418042450703,0.0004617254557982247,0.0,0.0,0.0,1,,ok,
e4000g10.bmp,4000,10,4000.0,9.89700043360188,1.0,RGB8,daA2500-14uc,40031417,2026-09-18T16:07:19,2592,1944,682,415,889,830,5,1.0,83433,67.90566256692006,104.82878424540837,4.944555011831977,1.0910481677156887,1.1903861042757615,0.0006153173946050368,0.0,0.0,0.0,1,,ok,
e5000g10.bmp,5000,10,5000.0,9.89700043360188,1.0,RGB8,daA2500-14uc,40031417,2026-09-18T16:07:19,2592,1944,682,415,889,830,5,1.0,83433,75.91537144621151,116.58610984447442,5.381376586927564,1.1599618052727207,1.3455113896915494,0.00038648137179495825,0.0,0.0,0.0,1,,ok,
e6000g10.bmp,6000,10,6000.0,9.89700043360188,1.0,RGB8,daA2500-14uc,40031417,2026-09-18T16:07:20,2592,1944,682,415,889,830,5,1.0,83433,83.04186705989146,127.04247244218823,5.8226827671260475,1.1965930744916062,1.4318349859212745,0.0007802863514982175,0.0,0.0,0.0,1,,ok,
e7000g10.bmp,7000,10,7000.0,9.89700043360188,1.0,RGB8,daA2500-14uc,40031417,2026-09-18T16:07:20,2592,1944,682,415,889,830,5,1.0,83433,89.48935815428447,136.52392223427648,6.1879762955869175,1.2230350589514827,1.4958147554244565,0.0006377490929051979,0.0,0.0,0.0,1,,ok,
e8000g10.bmp,8000,10,8000.0,9.89700043360188,1.0,RGB8,daA2500-14uc,40031417,2026-09-18T16:07:20,2592,1944,682,415,889,830,5,1.0,83433,95.46485488468792,145.27137738887217,6.453851297484298,1.2593895807366857,1.586062116068125,0.0010601951413765386,0.0,0.0,0.0,1,,ok,
e9000g10.bmp,9000,10,9000.0,9.89700043360188,1.0,RGB8,daA2500-14uc,40031417,2026-09-18T16:07:20,2592,1944,682,415,889,830,5,1.0,83433,101.02197732398356,153.33739859783762,6.784040716948494,1.2846604239432804,1.6503524048461287,0.00106809639704117,0.0,0.0,0.0,1,,ok,
e10000g10.bmp,10000,10,10000.0,9.89700043360188,1.0,RGB8,daA2500-14uc,40031417,2026-09-18T16:07:21,2592,1944,682,415,889,830,5,1.0,83433,106.20809951600047,160.86117949261805,7.100867049885414,1.301210217236471,1.6931480294405843,0.00047884630616548235,0.0,0.0,0.0,1,,ok,
e20000g10.bmp,20000,10,20000.0,9.89700043360188,1.0,RGB8,daA2500-14uc,40031417,2026-09-18T16:07:21,2592,1944,682,415,889,830,5,1.0,83433,145.87836610987273,219.9723316570744,9.352804684577752,1.4006070888097706,1.9617002172241809,0.0016306435613357986,0.0,0.0,0.0,1,,ok,
e30000g10.bmp,30000,10,30000.0,9.89700043360188,1.0,RGB8,daA2500-14uc,40031417,2026-09-18T16:07:21,2592,1944,682,415,889,830,5,1.0,83433,170.71249113845067,252.88061684435885,3.5260371920356683,0.6399292164923224,0.40950940212047754,0.00035481563074000994,0.0,0.6340841627379081,0.871066876200454,0,high_roi_mean;near_white_pixels;channel_saturation,ok,
e40000g10.bmp,40000,10,40000.0,9.89700043360188,1.0,RGB8,daA2500-14uc,40031417,2026-09-18T16:07:22,2592,1944,682,415,889,830,5,1.0,83433,186.8196631734079,255.0,0.0,0.0,0.0,-1.52587890625e-05,0.0,1.0,1.0,0,high_roi_mean;near_white_pixels;channel_saturation,ok,
e50000g10.bmp,50000,10,50000.0,9.89700043360188,1.0,RGB8,daA2500-14uc,40031417,2026-09-18T16:07:22,2592,1944,682,415,889,830,5,1.0,83433,198.80359478476032,255.0,0.0,0.0,0.0,-1.52587890625e-05,0.0,1.0,1.0,0,high_roi_mean;near_white_pixels;channel_saturation,ok,
e60000g10.bmp,60000,10,60000.0,9.89700043360188,1.0,RGB8,daA2500-14uc,40031417,2026-09-18T16:07:22,2592,1944,682,415,889,830,5,1.0,83433,207.4312557999368,255.0,0.0,0.0,0.0,-1.52587890625e-05,0.0,1.0,1.0,0,high_roi_mean;near_white_pixels;channel_saturation,ok,
e70000g10.bmp,70000,10,70000.0,9.89700043360188,1.0,RGB8,daA2500-14uc,40031417,2026-09-18T16:07:23,2592,1944,682,415,889,830,5,1.0,83433,213.88710667061198,255.0,0.0,0.0,0.0,-1.52587890625e-05,0.0,1.0,1.0,0,high_roi_mean;near_white_pixels;channel_saturation,ok,
e80000g10.bmp,80000,10,80000.0,9.89700043360188,1.0,RGB8,daA2500-14uc,40031417,2026-09-18T16:07:23,2592,1944,682,415,889,830,5,1.0,83433,218.99351718150652,255.0,0.0,0.0,0.0,-1.52587890625e-05,0.0,1.0,1.0,0,high_roi_mean;near_white_pixels;channel_saturation,ok,
e90000g10.bmp,90000,10,90000.0,9.89700043360188,1.0,RGB8,daA2500-14uc,40031417,2026-09-18T16:07:23,2592,1944,682,415,889,830,5,1.0,83433,223.2753490823696,255.0,0.0,0.0,0.0,-1.52587890625e-05,0.0,1.0,1.0,0,high_roi_mean;near_white_pixels;channel_saturation,ok,
e100000g10.bmp,100000,10,100000.0,9.89700043360188,1.0,RGB8,daA2500-14uc,40031417,2026-09-18T16:07:24,2592,1944,682,415,889,830,5,1.0,83433,226.9873577740388,255.0,0.0,0.0,0.0,-1.52587890625e-05,0.0,1.0,1.0,0,high_roi_mean;near_white_pixels;channel_saturation,ok,
e200000g10.bmp,200000,10,200000.0,9.89700043360188,1.0,RGB8,daA2500-14uc,40031417,2026-09-18T16:07:24,2592,1944,682,415,889,830,5,1.0,83433,247.95990424219977,255.0,0.0,0.0,0.0,-1.52587890625e-05,0.0,1.0,1.0,0,high_roi_mean;near_white_pixels;channel_saturation,ok,
e300000g10.bmp,300000,10,300000.0,9.89700043360188,1.0,RGB8,daA2500-14uc,40031417,2026-09-18T16:07:25,2592,1944,682,415,889,830,5,1.0,83433,253.70319906871566,255.0,0.0,0.0,0.0,-1.52587890625e-05,0.0,1.0,1.0,0,high_roi_mean;near_white_pixels;channel_saturation,ok,
e400000g10.bmp,400000,10,400000.0,9.89700043360188,1.0,RGB8,daA2500-14uc,40031417,2026-09-18T16:07:25,2592,1944,682,415,889,830,5,1.0,83433,254.76912753927087,255.0,0.0,0.0,0.0,-1.52587890625e-05,0.0,1.0,1.0,0,high_roi_mean;near_white_pixels;channel_saturation,ok,
e500000g10.bmp,500000,10,500000.0,9.89700043360188,1.0,RGB8,daA2500-14uc,40031417,2026-09-18T16:07:26,2592,1944,682,415,889,830,5,1.0,83433,254.9335053291943,255.0,0.0,0.0,0.0,-1.52587890625e-05,0.0,1.0,1.0,0,high_roi_mean;near_white_pixels;channel_saturation,ok,
e600000g10.bmp,600000,10,600000.0,9.89700043360188,1.0,RGB8,daA2500-14uc,40031417,2026-09-18T16:07:27,2592,1944,682,415,889,830,5,1.0,83433,254.98174420720767,255.0,0.0,0.0,0.0,-1.52587890625e-05,0.0,1.0,1.0,0,high_roi_mean;near_white_pixels;channel_saturation,ok,
e700000g10.bmp,700000,10,700000.0,9.89700043360188,1.0,RGB8,daA2500-14uc,40031417,2026-09-18T16:07:28,2592,1944,682,415,889,830,5,1.0,83433,254.99617551353003,255.0,0.0,0.0,0.0,-1.52587890625e-05,0.0,1.0,1.0,0,high_roi_mean;near_white_pixels;channel_saturation,ok,
e800000g10.bmp,800000,10,800000.0,9.89700043360188,1.0,RGB8,daA2500-14uc,40031417,2026-09-18T16:07:30,2592,1944,682,415,889,830,5,1.0,83433,254.9999586248682,255.0,0.0,0.0,0.0,-1.52587890625e-05,0.0,1.0,1.0,0,high_roi_mean;near_white_pixels;channel_saturation,ok,
e900000g10.bmp,900000,10,900000.0,9.89700043360188,1.0,RGB8,daA2500-14uc,40031417,2026-09-18T16:07:31,2592,1944,682,415,889,830,5,1.0,83433,254.99999999999994,255.0,0.0,0.0,0.0,-1.52587890625e-05,0.0,1.0,1.0,0,high_roi_mean;near_white_pixels;channel_saturation,ok,
e990000g10.bmp,990000,10,990000.0,9.89700043360188,1.0,RGB8,daA2500-14uc,40031417,2026-09-18T16:07:33,2592,1944,682,415,889,830,5,1.0,83433,254.99999999999994,255.0,0.0,0.0,0.0,-1.52587890625e-05,0.0,1.0,1.0,0,high_roi_mean;near_white_pixels;channel_saturation,ok,
e10g11.bmp,10,11,10.0,10.881360887005513,1.0,RGB8,daA2500-14uc,40031417,2026-09-18T16:07:34,2592,1944,682,415,889,830,5,1.0,83433,7.417877156246824,9.604973190379333,2.113419760119168,0.5861421203832603,0.34356258528738437,0.00023567582386096355,0.0,0.0,0.0,1,,ok,
e1000g11.bmp,1000,11,1000.0,10.881360887005513,1.0,RGB8,daA2500-14uc,40031417,2026-09-18T16:07:35,2592,1944,682,415,889,830,5,1.0,83433,34.54675940790434,55.3431936744178,2.976043725820522,0.4759053277519456,0.22648588098268677,3.4742490339951856e-05,0.0,0.0,0.0,1,,ok,
e2000g11.bmp,2000,11,2000.0,10.881360887005513,1.0,RGB8,daA2500-14uc,40031417,2026-09-18T16:07:35,2592,1944,682,415,889,830,5,1.0,83433,49.94424203429037,78.63788987849077,3.944123842898489,0.9115178349164927,0.8308647633708506,0.000507490118234607,0.0,0.0,0.0,1,,ok,
e3000g11.bmp,3000,11,3000.0,10.881360887005513,1.0,RGB8,daA2500-14uc,40031417,2026-09-18T16:07:36,2592,1944,682,415,889,830,5,1.0,83433,61.847648939201974,96.03684559679928,4.663210787544361,1.0285894781304195,1.0579963145206086,0.000611627197485089,0.0,0.0,0.0,1,,ok,
e4000g11.bmp,4000,11,4000.0,10.881360887005513,1.0,RGB8,daA2500-14uc,40031417,2026-09-18T16:07:36,2592,1944,682,415,889,830,5,1.0,83433,71.61060307594116,110.28440795733248,5.13971346470684,1.1209305560986256,1.2564853115955739,0.0008163754825985933,0.0,0.0,0.0,1,,ok,
e5000g11.bmp,5000,11,5000.0,10.881360887005513,1.0,RGB8,daA2500-14uc,40031417,2026-09-18T16:07:36,2592,1944,682,415,889,830,5,1.0,83433,80.01614467394134,122.59448081393381,5.6614897239227675,1.1735618563622627,1.3772474307084401,0.0009260392161307108,0.0,0.0,0.0,1,,ok,
e6000g11.bmp,6000,11,6000.0,10.881360887005513,1.0,RGB8,daA2500-14uc,40031417,2026-09-18T16:07:36,2592,1944,682,415,889,830,5,1.0,83433,87.50756153767686,133.56685297451838,6.114342623811515,1.2476192518183615,1.556553797507808,0.0014620154066244584,0.0,0.0,0.0,1,,ok,
e7000g11.bmp,7000,11,7000.0,10.881360887005513,1.0,RGB8,daA2500-14uc,40031417,2026-09-18T16:07:37,2592,1944,682,415,889,830,5,1.0,83433,94.25750625797801,143.4347647290646,6.467014707864554,1.2758473644288053,1.6277864973199285,0.0008199237596112393,0.0,0.0,0.0,1,,ok,
e8000g11.bmp,8000,11,8000.0,10.881360887005513,1.0,RGB8,daA2500-14uc,40031417,2026-09-18T16:07:37,2592,1944,682,415,889,830,5,1.0,83433,100.47036677232572,152.50286414531257,6.814121301921743,1.30386996197273,1.7000768777347683,0.000945172003483053,0.0,0.0,0.0,1,,ok,
e9000g11.bmp,9000,11,9000.0,10.881360887005513,1.0,RGB8,daA2500-14uc,40031417,2026-09-18T16:07:37,2592,1944,682,415,889,830,5,1.0,83433,106.27990953229785,160.98251750242875,7.088891414798155,1.3324802386625927,1.77550358642632,0.0005767475878146612,0.0,0.0,0.0,1,,ok,
e10000g11.bmp,10000,11,10000.0,10.881360887005513,1.0,RGB8,daA2500-14uc,40031417,2026-09-18T16:07:38,2592,1944,682,415,889,830,5,1.0,83433,111.6584196064259,168.84714387068058,7.430406303133623,1.3428828899792424,1.8033344561990023,0.0008537407059008988,0.0,0.0,0.0,1,,ok,
e20000g11.bmp,20000,11,20000.0,10.881360887005513,1.0,RGB8,daA2500-14uc,40031417,2026-09-18T16:07:38,2592,1944,682,415,889,830,5,1.0,83433,152.67414579919853,230.610600684057,9.783712851391458,1.451056481193106,2.1055649116125186,0.0016549810308706724,0.0,0.0,0.006891333449740993,1,,ok,
e30000g11.bmp,30000,11,30000.0,10.881360887005513,1.0,RGB8,daA2500-14uc,40031417,2026-09-18T16:07:38,2592,1944,682,415,889,830,5,1.0,83433,176.62271494516204,254.71828865702705,0.8411953357259416,0.19036699839410295,0.0362395940775804,0.0002582018717137741,0.0,0.9007508294045748,0.9978813805948431,0,high_roi_mean;near_white_pixels;channel_saturation,ok,
e40000g11.bmp,40000,11,40000.0,10.881360887005513,1.0,RGB8,daA2500-14uc,40031417,2026-09-18T16:07:39,2592,1944,682,415,889,830,5,1.0,83433,192.60873484871937,255.0,0.0,0.0,0.0,-1.52587890625e-05,0.0,1.0,1.0,0,high_roi_mean;near_white_pixels;channel_saturation,ok,
e50000g11.bmp,50000,11,50000.0,10.881360887005513,1.0,RGB8,daA2500-14uc,40031417,2026-09-18T16:07:39,2592,1944,682,415,889,830,5,1.0,83433,203.75596576241233,255.0,0.0,0.0,0.0,-1.52587890625e-05,0.0,1.0,1.0,0,high_roi_mean;near_white_pixels;channel_saturation,ok,
e60000g11.bmp,60000,11,60000.0,10.881360887005513,1.0,RGB8,daA2500-14uc,40031417,2026-09-18T16:07:39,2592,1944,682,415,889,830,5,1.0,83433,211.61234192994112,255.0,0.0,0.0,0.0,-1.52587890625e-05,0.0,1.0,1.0,0,high_roi_mean;near_white_pixels;channel_saturation,ok,
e70000g11.bmp,70000,11,70000.0,10.881360887005513,1.0,RGB8,daA2500-14uc,40031417,2026-09-18T16:07:40,2592,1944,682,415,889,830,5,1.0,83433,217.67448578067842,255.0,0.0,0.0,0.0,-1.52587890625e-05,0.0,1.0,1.0,0,high_roi_mean;near_white_pixels;channel_saturation,ok,
e80000g11.bmp,80000,11,80000.0,10.881360887005513,1.0,RGB8,daA2500-14uc,40031417,2026-09-18T16:07:40,2592,1944,682,415,889,830,5,1.0,83433,222.58482134567265,255.0,0.0,0.0,0.0,-1.52587890625e-05,0.0,1.0,1.0,0,high_roi_mean;near_white_pixels;channel_saturation,ok,
e90000g11.bmp,90000,11,90000.0,10.881360887005513,1.0,RGB8,daA2500-14uc,40031417,2026-09-18T16:07:40,2592,1944,682,415,889,830,5,1.0,83433,226.7837598853944,255.0,0.0,0.0,0.0,-1.52587890625e-05,0.0,1.0,1.0,0,high_roi_mean;near_white_pixels;channel_saturation,ok,
e100000g11.bmp,100000,11,100000.0,10.881360887005513,1.0,RGB8,daA2500-14uc,40031417,2026-09-18T16:07:41,2592,1944,682,415,889,830,5,1.0,83433,230.36935877188597,255.0,0.0,0.0,0.0,-1.52587890625e-05,0.0,1.0,1.0,0,high_roi_mean;near_white_pixels;channel_saturation,ok,
e200000g11.bmp,200000,11,200000.0,10.881360887005513,1.0,RGB8,daA2500-14uc,40031417,2026-09-18T16:07:41,2592,1944,682,415,889,830,5,1.0,83433,249.97727641417242,255.0,0.0,0.0,0.0,-1.52587890625e-05,0.0,1.0,1.0,0,high_roi_mean;near_white_pixels;channel_saturation,ok,
e300000g11.bmp,300000,11,300000.0,10.881360887005513,1.0,RGB8,daA2500-14uc,40031417,2026-09-18T16:07:42,2592,1944,682,415,889,830,5,1.0,83433,254.2551503448804,255.0,0.0,0.0,0.0,-1.52587890625e-05,0.0,1.0,1.0,0,high_roi_mean;near_white_pixels;channel_saturation,ok,
e400000g11.bmp,400000,11,400000.0,10.881360887005513,1.0,RGB8,daA2500-14uc,40031417,2026-09-18T16:07:42,2592,1944,682,415,889,830,5,1.0,83433,254.86766183381593,255.0,0.0,0.0,0.0,-1.52587890625e-05,0.0,1.0,1.0,0,high_roi_mean;near_white_pixels;channel_saturation,ok,
e500000g11.bmp,500000,11,500000.0,10.881360887005513,1.0,RGB8,daA2500-14uc,40031417,2026-09-18T16:07:43,2592,1944,682,415,889,830,5,1.0,83433,254.96569216951968,255.0,0.0,0.0,0.0,-1.52587890625e-05,0.0,1.0,1.0,0,high_roi_mean;near_white_pixels;channel_saturation,ok,
e600000g11.bmp,600000,11,600000.0,10.881360887005513,1.0,RGB8,daA2500-14uc,40031417,2026-09-18T16:07:44,2592,1944,682,415,889,830,5,1.0,83433,254.99324000168292,255.0,0.0,0.0,0.0,-1.52587890625e-05,0.0,1.0,1.0,0,high_roi_mean;near_white_pixels;channel_saturation,ok,
e700000g11.bmp,700000,11,700000.0,10.881360887005513,1.0,RGB8,daA2500-14uc,40031417,2026-09-18T16:07:45,2592,1944,682,415,889,830,5,1.0,83433,254.99972950364844,255.0,0.0,0.0,0.0,-1.52587890625e-05,0.0,1.0,1.0,0,high_roi_mean;near_white_pixels;channel_saturation,ok,
e800000g11.bmp,800000,11,800000.0,10.881360887005513,1.0,RGB8,daA2500-14uc,40031417,2026-09-18T16:07:47,2592,1944,682,415,889,830,5,1.0,83433,254.99999999999994,255.0,0.0,0.0,0.0,-1.52587890625e-05,0.0,1.0,1.0,0,high_roi_mean;near_white_pixels;channel_saturation,ok,
e900000g11.bmp,900000,11,900000.0,10.881360887005513,1.0,RGB8,daA2500-14uc,40031417,2026-09-18T16:07:48,2592,1944,682,415,889,830,5,1.0,83433,254.99999999999994,255.0,0.0,0.0,0.0,-1.52587890625e-05,0.0,1.0,1.0,0,high_roi_mean;near_white_pixels;channel_saturation,ok,
e990000g11.bmp,990000,11,990000.0,10.881360887005513,1.0,RGB8,daA2500-14uc,40031417,2026-09-18T16:07:50,2592,1944,682,415,889,830,5,1.0,83433,254.99999999999994,255.0,0.0,0.0,0.0,-1.52587890625e-05,0.0,1.0,1.0,0,high_roi_mean;near_white_pixels;channel_saturation,ok,
e10g12.bmp,10,12,10.0,12.041199826559248,1.0,RGB8,daA2500-14uc,40031417,2026-09-18T16:07:51,2592,1944,682,415,889,830,5,1.0,83433,8.530669883473365,11.059293486396049,2.4864226092901656,0.6657190719152191,0.44318188271166065,0.00023787016464697381,0.0,0.0,0.0,1,,ok,
e1000g12.bmp,1000,12,1000.0,12.041199826559248,1.0,RGB8,daA2500-14uc,40031417,2026-09-18T16:07:52,2592,1944,682,415,889,830,5,1.0,83433,38.187139513833316,60.76445670172552,3.1786229618589275,0.5465690943236295,0.29873777486975267,-0.0002606109015248622,0.0,0.0,0.0,1,,ok,
e2000g12.bmp,2000,12,2000.0,12.041199826559248,1.0,RGB8,daA2500-14uc,40031417,2026-09-18T16:07:52,2592,1944,682,415,889,830,5,1.0,83433,54.93745625547744,85.92558353797749,4.2629153921248015,1.0047620858854005,1.0095468492327808,0.0008338687818041497,0.0,0.0,0.0,1,,ok,
e3000g12.bmp,3000,12,3000.0,12.041199826559248,1.0,RGB8,daA2500-14uc,40031417,2026-09-18T16:07:53,2592,1944,682,415,889,830,5,1.0,83433,67.85954243251632,104.83693669348405,5.030234709664374,1.1360244076226964,1.290551454714498,0.0007297173459448749,0.0,0.0,0.0,1,,ok,
e4000g12.bmp,4000,12,4000.0,12.041199826559248,1.0,RGB8,daA2500-14uc,40031417,2026-09-18T16:07:53,2592,1944,682,415,889,830,5,1.0,83433,78.53540844097698,120.2750579334861,5.585383957248589,1.2426538012519663,1.5441884697659616,0.0010663151716738188,0.0,0.0,0.0,1,,ok,
e5000g12.bmp,5000,12,5000.0,12.041199826559248,1.0,RGB8,daA2500-14uc,40031417,2026-09-18T16:07:53,2592,1944,682,415,889,830,5,1.0,83433,87.58241735908682,133.55906860607342,6.118505918968923,1.3041279724528,1.700749768533851,8.090086219771778e-05,0.0,0.0,0.0,1,,ok,
e6000g12.bmp,6000,12,6000.0,12.041199826559248,1.0,RGB8,daA2500-14uc,40031417,2026-09-18T16:07:54,2592,1944,682,415,889,830,5,1.0,83433,95.6525863945489,145.34442410276722,6.5702954694644164,1.358434657317446,1.845344718201167,0.0005921920069144179,0.0,0.0,0.0,1,,ok,
e7000g12.bmp,7000,12,7000.0,12.041199826559248,1.0,RGB8,daA2500-14uc,40031417,2026-09-18T16:07:54,2592,1944,682,415,889,830,5,1.0,83433,103.05512007228636,156.09371676726153,6.968308265628699,1.3909797284689056,1.9348246050114304,0.0009976732988478591,0.0,0.0,0.0,1,,ok,
e8000g12.bmp,8000,12,8000.0,12.041199826559248,1.0,RGB8,daA2500-14uc,40031417,2026-09-18T16:07:54,2592,1944,682,415,889,830,5,1.0,83433,109.76123655089415,165.94774814235146,7.304834139417245,1.4204589883350982,2.0177037375419706,0.00040106384570694074,0.0,0.0,0.0,1,,ok,
e9000g12.bmp,9000,12,9000.0,12.041199826559248,1.0,RGB8,daA2500-14uc,40031417,2026-09-18T16:07:54,2592,1944,682,415,889,830,5,1.0,83433,115.99736179936366,175.06271925905617,7.652026851420122,1.44456001626657,2.086753640596073,0.0013393991772168612,0.0,0.0,0.0,1,,ok,
e10000g12.bmp,10000,12,10000.0,12.041199826559248,1.0,RGB8,daA2500-14uc,40031417,2026-09-18T16:07:55,2592,1944,682,415,889,830,5,1.0,83433,121.86633722608816,183.6020916114995,8.019353150727344,1.4615075372937827,2.1360042815665374,0.0007482761432756111,0.0,0.0,0.0,1,,ok,
e20000g12.bmp,20000,12,20000.0,12.041199826559248,1.0,RGB8,daA2500-14uc,40031417,2026-09-18T16:07:55,2592,1944,682,415,889,830,5,1.0,83433,164.2740976425564,247.46431334752933,7.556638631945098,1.1171261502707803,1.247970835618814,0.0010132687823917283,0.0,0.2530702520225831,0.5804900762470171,0,near_white_pixels;channel_saturation,ok,
e30000g12.bmp,30000,12,30000.0,12.041199826559248,1.0,RGB8,daA2500-14uc,40031417,2026-09-18T16:07:55,2592,1944,682,415,889,830,5,1.0,83433,187.0047684337769,254.99998507620978,0.0022087953778917417,0.000941610102105622,8.866295843873598e-07,-1.3292939534941211e-05,0.0,1.0,1.0,0,high_roi_mean;near_white_pixels;channel_saturation,ok,
e40000g12.bmp,40000,12,40000.0,12.041199826559248,1.0,RGB8,daA2500-14uc,40031417,2026-09-18T16:07:56,2592,1944,682,415,889,830,5,1.0,83433,202.1186417544248,255.0,0.0,0.0,0.0,-1.52587890625e-05,0.0,1.0,1.0,0,high_roi_mean;near_white_pixels;channel_saturation,ok,
e50000g12.bmp,50000,12,50000.0,12.041199826559248,1.0,RGB8,daA2500-14uc,40031417,2026-09-18T16:07:56,2592,1944,682,415,889,830,5,1.0,83433,212.02725881610237,255.0,0.0,0.0,0.0,-1.52587890625e-05,0.0,1.0,1.0,0,high_roi_mean;near_white_pixels;channel_saturation,ok,
e60000g12.bmp,60000,12,60000.0,12.041199826559248,1.0,RGB8,daA2500-14uc,40031417,2026-09-18T16:07:56,2592,1944,682,415,889,830,5,1.0,83433,219.11592562208662,255.0,0.0,0.0,0.0,-1.52587890625e-05,0.0,1.0,1.0,0,high_roi_mean;near_white_pixels;channel_saturation,ok,
e70000g12.bmp,70000,12,70000.0,12.041199826559248,1.0,RGB8,daA2500-14uc,40031417,2026-09-18T16:07:57,2592,1944,682,415,889,830,5,1.0,83433,224.70193660455723,255.0,0.0,0.0,0.0,-1.52587890625e-05,0.0,1.0,1.0,0,high_roi_mean;near_white_pixels;channel_saturation,ok,
e80000g12.bmp,80000,12,80000.0,12.041199826559248,1.0,RGB8,daA2500-14uc,40031417,2026-09-18T16:07:57,2592,1944,682,415,889,830,5,1.0,83433,229.2956480352255,255.0,0.0,0.0,0.0,-1.52587890625e-05,0.0,1.0,1.0,0,high_roi_mean;near_white_pixels;channel_saturation,ok,
e90000g12.bmp,90000,12,90000.0,12.041199826559248,1.0,RGB8,daA2500-14uc,40031417,2026-09-18T16:07:58,2592,1944,682,415,889,830,5,1.0,83433,233.20975515951267,255.0,0.0,0.0,0.0,-1.52587890625e-05,0.0,1.0,1.0,0,high_roi_mean;near_white_pixels;channel_saturation,ok,
e100000g12.bmp,100000,12,100000.0,12.041199826559248,1.0,RGB8,daA2500-14uc,40031417,2026-09-18T16:07:58,2592,1944,682,415,889,830,5,1.0,83433,236.58993152522163,255.0,0.0,0.0,0.0,-1.52587890625e-05,0.0,1.0,1.0,0,high_roi_mean;near_white_pixels;channel_saturation,ok,
e200000g12.bmp,200000,12,200000.0,12.041199826559248,1.0,RGB8,daA2500-14uc,40031417,2026-09-18T16:07:58,2592,1944,682,415,889,830,5,1.0,83433,252.73446784939728,255.0,0.0,0.0,0.0,-1.52587890625e-05,0.0,1.0,1.0,0,high_roi_mean;near_white_pixels;channel_saturation,ok,
e300000g12.bmp,300000,12,300000.0,12.041199826559248,1.0,RGB8,daA2500-14uc,40031417,2026-09-18T16:07:59,2592,1944,682,415,889,830,5,1.0,83433,254.77043346415687,255.0,0.0,0.0,0.0,-1.52587890625e-05,0.0,1.0,1.0,0,high_roi_mean;near_white_pixels;channel_saturation,ok,
e400000g12.bmp,400000,12,400000.0,12.041199826559248,1.0,RGB8,daA2500-14uc,40031417,2026-09-18T16:07:59,2592,1944,682,415,889,830,5,1.0,83433,254.9515674410103,255.0,0.0,0.0,0.0,-1.52587890625e-05,0.0,1.0,1.0,0,high_roi_mean;near_white_pixels;channel_saturation,ok,
e500000g12.bmp,500000,12,500000.0,12.041199826559248,1.0,RGB8,daA2500-14uc,40031417,2026-09-18T16:08:00,2592,1944,682,415,889,830,5,1.0,83433,254.99295819560342,255.0,0.0,0.0,0.0,-1.52587890625e-05,0.0,1.0,1.0,0,high_roi_mean;near_white_pixels;channel_saturation,ok,
e600000g12.bmp,600000,12,600000.0,12.041199826559248,1.0,RGB8,daA2500-14uc,40031417,2026-09-18T16:08:01,2592,1944,682,415,889,830,5,1.0,83433,254.99996125582672,255.0,0.0,0.0,0.0,-1.52587890625e-05,0.0,1.0,1.0,0,high_roi_mean;near_white_pixels;channel_saturation,ok,
e700000g12.bmp,700000,12,700000.0,12.041199826559248,1.0,RGB8,daA2500-14uc,40031417,2026-09-18T16:08:02,2592,1944,682,415,889,830,5,1.0,83433,254.99999999999994,255.0,0.0,0.0,0.0,-1.52587890625e-05,0.0,1.0,1.0,0,high_roi_mean;near_white_pixels;channel_saturation,ok,
e800000g12.bmp,800000,12,800000.0,12.041199826559248,1.0,RGB8,daA2500-14uc,40031417,2026-09-18T16:08:04,2592,1944,682,415,889,830,5,1.0,83433,254.99999999999994,255.0,0.0,0.0,0.0,-1.52587890625e-05,0.0,1.0,1.0,0,high_roi_mean;near_white_pixels;channel_saturation,ok,
e900000g12.bmp,900000,12,900000.0,12.041199826559248,1.0,RGB8,daA2500-14uc,40031417,2026-09-18T16:08:05,2592,1944,682,415,889,830,5,1.0,83433,254.99999999999994,255.0,0.0,0.0,0.0,-1.52587890625e-05,0.0,1.0,1.0,0,high_roi_mean;near_white_pixels;channel_saturation,ok,
e990000g12.bmp,990000,12,990000.0,12.041199826559248,1.0,RGB8,daA2500-14uc,40031417,2026-09-18T16:08:07,2592,1944,682,415,889,830,5,1.0,83433,254.99999999999994,255.0,0.0,0.0,0.0,-1.52587890625e-05,0.0,1.0,1.0,0,high_roi_mean;near_white_pixels;channel_saturation,ok,
e10g13.bmp,10,13,10.0,13.064250275506875,1.0,RGB8,daA2500-14uc,40031417,2026-09-18T16:08:08,2592,1944,682,415,889,830,5,1.0,83433,9.49248248825922,12.158290694288766,2.5907431711162734,0.6748897595597305,0.45547618755859093,5.512343394526708e-06,0.0,0.0,0.0,1,,ok,
e1000g13.bmp,1000,13,1000.0,13.064250275506875,1.0,RGB8,daA2500-14uc,40031417,2026-09-18T16:08:09,2592,1944,682,415,889,830,5,1.0,83433,40.28166423714309,63.45141329504712,3.328346836671485,0.5127458062065475,0.2629082617824024,0.0007132226540407283,0.0,0.0,0.0,1,,ok,
e2000g13.bmp,2000,13,2000.0,13.064250275506875,1.0,RGB8,daA2500-14uc,40031417,2026-09-18T16:08:09,2592,1944,682,415,889,830,5,1.0,83433,57.519875639630314,89.57254776907747,4.449786491006558,1.0659384990157672,1.1362248836839868,0.0007028308925240256,0.0,0.0,0.0,1,,ok,
e3000g13.bmp,3000,13,3000.0,13.064250275506875,1.0,RGB8,daA2500-14uc,40031417,2026-09-18T16:08:10,2592,1944,682,415,889,830,5,1.0,83433,70.89390780214049,109.06609668770545,5.162490041724926,1.1774224067567887,1.3863235239329488,0.0006584344972046245,0.0,0.0,0.0,1,,ok,
e4000g13.bmp,4000,13,4000.0,13.064250275506875,1.0,RGB8,daA2500-14uc,40031417,2026-09-18T16:08:10,2592,1944,682,415,889,830,5,1.0,83433,81.79429364787347,125.02416150249776,5.7599096065662305,1.2520674977813848,1.5676730190005383,0.0010740262251327881,0.0,0.0,0.0,1,,ok,
e5000g13.bmp,5000,13,5000.0,13.064250275506875,1.0,RGB8,daA2500-14uc,40031417,2026-09-18T16:08:10,2592,1944,682,415,889,830,5,1.0,83433,91.2143741458365,138.7872185048718,6.282758656513202,1.3388519868383213,1.7925246426609203,0.00034249098502995103,0.0,0.0,0.0,1,,ok,
e6000g13.bmp,6000,13,6000.0,13.064250275506875,1.0,RGB8,daA2500-14uc,40031417,2026-09-18T16:08:10,2592,1944,682,415,889,830,5,1.0,83433,99.56454624152187,151.01050592307806,6.722668148849948,1.378111466854757,1.8991912150765697,0.00046486882157689404,0.0,0.0,0.0,1,,ok,
e7000g13.bmp,7000,13,7000.0,13.064250275506875,1.0,RGB8,daA2500-14uc,40031417,2026-09-18T16:08:11,2592,1944,682,415,889,830,5,1.0,83433,107.09079182523465,162.01048927846662,7.181181846068269,1.4173652699496615,2.0089243084594766,0.0015673669452467662,0.0,0.0,0.0,1,,ok,
e8000g13.bmp,8000,13,8000.0,13.064250275506875,1.0,RGB8,daA2500-14uc,40031417,2026-09-18T16:08:11,2592,1944,682,415,889,830,5,1.0,83433,114.02775835964886,172.1429595512087,7.563638507303261,1.4528520422398306,2.110779056640446,0.0013756603132926459,0.0,0.0,0.0,1,,ok,
e9000g13.bmp,9000,13,9000.0,13.064250275506875,1.0,RGB8,daA2500-14uc,40031417,2026-09-18T16:08:11,2592,1944,682,415,889,830,5,1.0,83433,120.50346852375779,181.59654537694055,7.922865772325935,1.4855544256598257,2.206871951597494,0.000948300463992721,0.0,0.0,0.0,1,,ok,
e10000g13.bmp,10000,13,10000.0,13.064250275506875,1.0,RGB8,daA2500-14uc,40031417,2026-09-18T16:08:11,2592,1944,682,415,889,830,5,1.0,83433,126.57170629377983,190.45664444320533,8.253126848183364,1.5033768170397632,2.26014185401261,0.0012988116725092102,0.0,0.0,0.0,1,,ok,
e20000g13.bmp,20000,13,20000.0,13.064250275506875,1.0,RGB8,daA2500-14uc,40031417,2026-09-18T16:08:12,2592,1944,682,415,889,830,5,1.0,83433,168.9556601949493,251.71742226403208,4.689010743437017,0.8391628321566454,0.7041942588731623,0.0012775642572693995,0.0,0.5311215878004772,0.797555439147896,0,high_roi_mean;near_white_pixels;channel_saturation,ok,
e30000g13.bmp,30000,13,30000.0,13.064250275506875,1.0,RGB8,daA2500-14uc,40031417,2026-09-18T16:08:12,2592,1944,682,415,889,830,5,1.0,83433,191.4679146628356,255.0,0.0,0.0,0.0,-1.52587890625e-05,0.0,1.0,1.0,0,high_roi_mean;near_white_pixels;channel_saturation,ok,
e40000g13.bmp,40000,13,40000.0,13.064250275506875,1.0,RGB8,daA2500-14uc,40031417,2026-09-18T16:08:12,2592,1944,682,415,889,830,5,1.0,83433,205.87023522082825,255.0,0.0,0.0,0.0,-1.52587890625e-05,0.0,1.0,1.0,0,high_roi_mean;near_white_pixels;channel_saturation,ok,
e50000g13.bmp,50000,13,50000.0,13.064250275506875,1.0,RGB8,daA2500-14uc,40031417,2026-09-18T16:08:13,2592,1944,682,415,889,830,5,1.0,83433,215.27738960155176,255.0,0.0,0.0,0.0,-1.52587890625e-05,0.0,1.0,1.0,0,high_roi_mean;near_white_pixels;channel_saturation,ok,
e60000g13.bmp,60000,13,60000.0,13.064250275506875,1.0,RGB8,daA2500-14uc,40031417,2026-09-18T16:08:13,2592,1944,682,415,889,830,5,1.0,83433,222.09690616863216,255.0,0.0,0.0,0.0,-1.52587890625e-05,0.0,1.0,1.0,0,high_roi_mean;near_white_pixels;channel_saturation,ok,
e70000g13.bmp,70000,13,70000.0,13.064250275506875,1.0,RGB8,daA2500-14uc,40031417,2026-09-18T16:08:13,2592,1944,682,415,889,830,5,1.0,83433,227.51534348724152,255.0,0.0,0.0,0.0,-1.52587890625e-05,0.0,1.0,1.0,0,high_roi_mean;near_white_pixels;channel_saturation,ok,
e80000g13.bmp,80000,13,80000.0,13.064250275506875,1.0,RGB8,daA2500-14uc,40031417,2026-09-18T16:08:14,2592,1944,682,415,889,830,5,1.0,83433,231.97927389514427,255.0,0.0,0.0,0.0,-1.52587890625e-05,0.0,1.0,1.0,0,high_roi_mean;near_white_pixels;channel_saturation,ok,
e90000g13.bmp,90000,13,90000.0,13.064250275506875,1.0,RGB8,daA2500-14uc,40031417,2026-09-18T16:08:14,2592,1944,682,415,889,830,5,1.0,83433,235.74530298036373,255.0,0.0,0.0,0.0,-1.52587890625e-05,0.0,1.0,1.0,0,high_roi_mean;near_white_pixels;channel_saturation,ok,
e100000g13.bmp,100000,13,100000.0,13.064250275506875,1.0,RGB8,daA2500-14uc,40031417,2026-09-18T16:08:15,2592,1944,682,415,889,830,5,1.0,83433,239.0346886707041,255.0,0.0,0.0,0.0,-1.52587890625e-05,0.0,1.0,1.0,0,high_roi_mean;near_white_pixels;channel_saturation,ok,
e200000g13.bmp,200000,13,200000.0,13.064250275506875,1.0,RGB8,daA2500-14uc,40031417,2026-09-18T16:08:15,2592,1944,682,415,889,830,5,1.0,83433,253.4193238408858,255.0,0.0,0.0,0.0,-1.52587890625e-05,0.0,1.0,1.0,0,high_roi_mean;near_white_pixels;channel_saturation,ok,
e300000g13.bmp,300000,13,300000.0,13.064250275506875,1.0,RGB8,daA2500-14uc,40031417,2026-09-18T16:08:16,2592,1944,682,415,889,830,5,1.0,83433,254.8506439912456,255.0,0.0,0.0,0.0,-1.52587890625e-05,0.0,1.0,1.0,0,high_roi_mean;near_white_pixels;channel_saturation,ok,
e400000g13.bmp,400000,13,400000.0,13.064250275506875,1.0,RGB8,daA2500-14uc,40031417,2026-09-18T16:08:16,2592,1944,682,415,889,830,5,1.0,83433,254.97199299165203,255.0,0.0,0.0,0.0,-1.52587890625e-05,0.0,1.0,1.0,0,high_roi_mean;near_white_pixels;channel_saturation,ok,
e500000g13.bmp,500000,13,500000.0,13.064250275506875,1.0,RGB8,daA2500-14uc,40031417,2026-09-18T16:08:17,2592,1944,682,415,889,830,5,1.0,83433,254.99753447811878,255.0,0.0,0.0,0.0,-1.52587890625e-05,0.0,1.0,1.0,0,high_roi_mean;near_white_pixels;channel_saturation,ok,
e600000g13.bmp,600000,13,600000.0,13.064250275506875,1.0,RGB8,daA2500-14uc,40031417,2026-09-18T16:08:18,2592,1944,682,415,889,830,5,1.0,83433,254.99999982416614,255.0,0.0,0.0,0.0,-1.52587890625e-05,0.0,1.0,1.0,0,high_roi_mean;near_white_pixels;channel_saturation,ok,
e700000g13.bmp,700000,13,700000.0,13.064250275506875,1.0,RGB8,daA2500-14uc,40031417,2026-09-18T16:08:19,2592,1944,682,415,889,830,5,1.0,83433,254.99999999999994,255.0,0.0,0.0,0.0,-1.52587890625e-05,0.0,1.0,1.0,0,high_roi_mean;near_white_pixels;channel_saturation,ok,
e800000g13.bmp,800000,13,800000.0,13.064250275506875,1.0,RGB8,daA2500-14uc,40031417,2026-09-18T16:08:21,2592,1944,682,415,889,830,5,1.0,83433,254.99999999999994,255.0,0.0,0.0,0.0,-1.52587890625e-05,0.0,1.0,1.0,0,high_roi_mean;near_white_pixels;channel_saturation,ok,
e900000g13.bmp,900000,13,900000.0,13.064250275506875,1.0,RGB8,daA2500-14uc,40031417,2026-09-18T16:08:22,2592,1944,682,415,889,830,5,1.0,83433,254.99999999999994,255.0,0.0,0.0,0.0,-1.52587890625e-05,0.0,1.0,1.0,0,high_roi_mean;near_white_pixels;channel_saturation,ok,
e990000g13.bmp,990000,13,990000.0,13.064250275506875,1.0,RGB8,daA2500-14uc,40031417,2026-09-18T16:08:24,2592,1944,682,415,889,830,5,1.0,83433,254.99999999999994,255.0,0.0,0.0,0.0,-1.52587890625e-05,0.0,1.0,1.0,0,high_roi_mean;near_white_pixels;channel_saturation,ok,
e10g14.bmp,10,14,10.0,13.979400086720377,1.0,RGB8,daA2500-14uc,40031417,2026-09-18T16:08:25,2592,1944,682,415,889,830,5,1.0,83433,10.082783823207208,12.925945925083964,2.7227728361642276,0.6988466546996078,0.48838664678483296,0.0009392399436017321,0.0,0.0,0.0,1,,ok,
e1000g14.bmp,1000,14,1000.0,13.979400086720377,1.0,RGB8,daA2500-14uc,40031417,2026-09-18T16:08:26,2592,1944,682,415,889,830,5,1.0,83433,41.92768187946927,65.79700846173878,3.3314307022667347,0.5041121023241344,0.2541290117096585,0.00016999642182832146,0.0,0.0,0.0,1,,ok,
e2000g14.bmp,2000,14,2000.0,13.979400086720377,1.0,RGB8,daA2500-14uc,40031417,2026-09-18T16:08:26,2592,1944,682,415,889,830,5,1.0,83433,59.714779986417525,92.65805232675991,4.544610638983197,1.0553006860321066,1.1136595379398349,0.0007410650107100813,0.0,0.0,0.0,1,,ok,
e3000g14.bmp,3000,14,3000.0,13.979400086720377,1.0,RGB8,daA2500-14uc,40031417,2026-09-18T16:08:26,2592,1944,682,415,889,830,5,1.0,83433,73.42289914281994,112.7715035186034,5.286568247854549,1.1654950041071899,1.3583786045988184,0.000332084272522563,0.0,0.0,0.0,1,,ok,
e4000g14.bmp,4000,14,4000.0,13.979400086720377,1.0,RGB8,daA2500-14uc,40031417,2026-09-18T16:08:27,2592,1944,682,415,889,830,5,1.0,83433,84.60572932741768,129.18767311616185,5.928850584162164,1.2774083279544637,1.6317720363274184,0.000896040121902876,0.0,0.0,0.0,1,,ok,
e5000g14.bmp,5000,14,5000.0,13.979400086720377,1.0,RGB8,daA2500-14uc,40031417,2026-09-18T16:08:27,2592,1944,682,415,889,830,5,1.0,83433,94.25144060428096,143.32477175947548,6.485272537620015,1.3406278749284097,1.7972830990350637,0.0010032555506973035,0.0,0.0,0.0,1,,ok,
e6000g14.bmp,6000,14,6000.0,13.979400086720377,1.0,RGB8,daA2500-14uc,40031417,2026-09-18T16:08:27,2592,1944,682,415,889,830,5,1.0,83433,102.81210326527015,155.90997710110568,6.936723669742635,1.395289733706628,1.9468334409871124,0.000958201769004583,0.0,0.0,0.0,1,,ok,
e7000g14.bmp,7000,14,7000.0,13.979400086720377,1.0,RGB8,daA2500-14uc,40031417,2026-09-18T16:08:27,2592,1944,682,415,889,830,5,1.0,83433,110.62861342076602,167.32195010013447,7.373175046907663,1.431077849800857,2.047983812190644,0.0012323806259939675,0.0,0.0,0.0,1,,ok,
e8000g14.bmp,8000,14,8000.0,13.979400086720377,1.0,RGB8,daA2500-14uc,40031417,2026-09-18T16:08:28,2592,1944,682,415,889,830,5,1.0,83433,117.82677289471718,177.85702279509798,7.795972786066763,1.4771583059943472,2.1819966609680894,0.001956262970619951,0.0,0.0,0.0,1,,ok,
e9000g14.bmp,9000,14,9000.0,13.979400086720377,1.0,RGB8,daA2500-14uc,40031417,2026-09-18T16:08:28,2592,1944,682,415,889,830,5,1.0,83433,124.47889447667403,187.58503485519154,8.163783945111968,1.5002963801296199,2.2508892282300406,0.0015119253798238556,0.0,0.0,0.0,1,,ok,
e10000g14.bmp,10000,14,10000.0,13.979400086720377,1.0,RGB8,daA2500-14uc,40031417,2026-09-18T16:08:28,2592,1944,682,415,889,830,5,1.0,83433,130.65177292289823,196.68770301765116,8.53160221679619,1.5273490074658322,2.332794990606863,0.001914286624037495,0.0,0.0,0.0,1,,ok,
e20000g14.bmp,20000,14,20000.0,13.979400086720377,1.0,RGB8,daA2500-14uc,40031417,2026-09-18T16:08:29,2592,1944,682,415,889,830,5,1.0,83433,172.86572539616196,253.8184407230584,2.258974307819488,0.5035696937066406,0.25358243641979983,0.0002225660253891034,0.0,0.7254292532448635,0.9514929282346778,0,high_roi_mean;near_white_pixels;channel_saturation,ok,
e30000g14.bmp,30000,14,30000.0,13.979400086720377,1.0,RGB8,daA2500-14uc,40031417,2026-09-18T16:08:29,2592,1944,682,415,889,830,5,1.0,83433,195.20186949735333,255.0,0.0,0.0,0.0,-1.52587890625e-05,0.0,1.0,1.0,0,high_roi_mean;near_white_pixels;channel_saturation,ok,
e40000g14.bmp,40000,14,40000.0,13.979400086720377,1.0,RGB8,daA2500-14uc,40031417,2026-09-18T16:08:29,2592,1944,682,415,889,830,5,1.0,83433,208.98712881138704,255.0,0.0,0.0,0.0,-1.52587890625e-05,0.0,1.0,1.0,0,high_roi_mean;near_white_pixels;channel_saturation,ok,
e50000g14.bmp,50000,14,50000.0,13.979400086720377,1.0,RGB8,daA2500-14uc,40031417,2026-09-18T16:08:30,2592,1944,682,415,889,830,5,1.0,83433,217.95874315240303,255.0,0.0,0.0,0.0,-1.52587890625e-05,0.0,1.0,1.0,0,high_roi_mean;near_white_pixels;channel_saturation,ok,
e60000g14.bmp,60000,14,60000.0,13.979400086720377,1.0,RGB8,daA2500-14uc,40031417,2026-09-18T16:08:30,2592,1944,682,415,889,830,5,1.0,83433,224.56216503117378,255.0,0.0,0.0,0.0,-1.52587890625e-05,0.0,1.0,1.0,0,high_roi_mean;near_white_pixels;channel_saturation,ok,
e70000g14.bmp,70000,14,70000.0,13.979400086720377,1.0,RGB8,daA2500-14uc,40031417,2026-09-18T16:08:30,2592,1944,682,415,889,830,5,1.0,83433,229.8182513030756,255.0,0.0,0.0,0.0,-1.52587890625e-05,0.0,1.0,1.0,0,high_roi_mean;near_white_pixels;channel_saturation,ok,
e80000g14.bmp,80000,14,80000.0,13.979400086720377,1.0,RGB8,daA2500-14uc,40031417,2026-09-18T16:08:31,2592,1944,682,415,889,830,5,1.0,83433,234.14255538388932,255.0,0.0,0.0,0.0,-1.52587890625e-05,0.0,1.0,1.0,0,high_roi_mean;near_white_pixels;channel_saturation,ok,
e90000g14.bmp,90000,14,90000.0,13.979400086720377,1.0,RGB8,daA2500-14uc,40031417,2026-09-18T16:08:31,2592,1944,682,415,889,830,5,1.0,83433,237.87432054132213,255.0,0.0,0.0,0.0,-1.52587890625e-05,0.0,1.0,1.0,0,high_roi_mean;near_white_pixels;channel_saturation,ok,
e100000g14.bmp,100000,14,100000.0,13.979400086720377,1.0,RGB8,daA2500-14uc,40031417,2026-09-18T16:08:31,2592,1944,682,415,889,830,5,1.0,83433,241.08717346782436,255.0,0.0,0.0,0.0,-1.52587890625e-05,0.0,1.0,1.0,0,high_roi_mean;near_white_pixels;channel_saturation,ok,
e200000g14.bmp,200000,14,200000.0,13.979400086720377,1.0,RGB8,daA2500-14uc,40031417,2026-09-18T16:08:32,2592,1944,682,415,889,830,5,1.0,83433,253.91875731774405,255.0,0.0,0.0,0.0,-1.52587890625e-05,0.0,1.0,1.0,0,high_roi_mean;near_white_pixels;channel_saturation,ok,
e300000g14.bmp,300000,14,300000.0,13.979400086720377,1.0,RGB8,daA2500-14uc,40031417,2026-09-18T16:08:32,2592,1944,682,415,889,830,5,1.0,83433,254.8965415944279,255.0,0.0,0.0,0.0,-1.52587890625e-05,0.0,1.0,1.0,0,high_roi_mean;near_white_pixels;channel_saturation,ok,
e400000g14.bmp,400000,14,400000.0,13.979400086720377,1.0,RGB8,daA2500-14uc,40031417,2026-09-18T16:08:33,2592,1944,682,415,889,830,5,1.0,83433,254.98492748997387,255.0,0.0,0.0,0.0,-1.52587890625e-05,0.0,1.0,1.0,0,high_roi_mean;near_white_pixels;channel_saturation,ok,
e500000g14.bmp,500000,14,500000.0,13.979400086720377,1.0,RGB8,daA2500-14uc,40031417,2026-09-18T16:08:34,2592,1944,682,415,889,830,5,1.0,83433,254.99956730506653,255.0,0.0,0.0,0.0,-1.52587890625e-05,0.0,1.0,1.0,0,high_roi_mean;near_white_pixels;channel_saturation,ok,
e600000g14.bmp,600000,14,600000.0,13.979400086720377,1.0,RGB8,daA2500-14uc,40031417,2026-09-18T16:08:35,2592,1944,682,415,889,830,5,1.0,83433,254.99999999999994,255.0,0.0,0.0,0.0,-1.52587890625e-05,0.0,1.0,1.0,0,high_roi_mean;near_white_pixels;channel_saturation,ok,
e700000g14.bmp,700000,14,700000.0,13.979400086720377,1.0,RGB8,daA2500-14uc,40031417,2026-09-18T16:08:36,2592,1944,682,415,889,830,5,1.0,83433,254.99999999999994,255.0,0.0,0.0,0.0,-1.52587890625e-05,0.0,1.0,1.0,0,high_roi_mean;near_white_pixels;channel_saturation,ok,
e800000g14.bmp,800000,14,800000.0,13.979400086720377,1.0,RGB8,daA2500-14uc,40031417,2026-09-18T16:08:37,2592,1944,682,415,889,830,5,1.0,83433,254.99999999999994,255.0,0.0,0.0,0.0,-1.52587890625e-05,0.0,1.0,1.0,0,high_roi_mean;near_white_pixels;channel_saturation,ok,
e900000g14.bmp,900000,14,900000.0,13.979400086720377,1.0,RGB8,daA2500-14uc,40031417,2026-09-18T16:08:39,2592,1944,682,415,889,830,5,1.0,83433,254.99999999999994,255.0,0.0,0.0,0.0,-1.52587890625e-05,0.0,1.0,1.0,0,high_roi_mean;near_white_pixels;channel_saturation,ok,
e990000g14.bmp,990000,14,990000.0,13.979400086720377,1.0,RGB8,daA2500-14uc,40031417,2026-09-18T16:08:41,2592,1944,682,415,889,830,5,1.0,83433,254.99999999999994,255.0,0.0,0.0,0.0,-1.52587890625e-05,0.0,1.0,1.0,0,high_roi_mean;near_white_pixels;channel_saturation,ok,
e10g15.bmp,10,15,10.0,15.002450535668002,1.0,RGB8,daA2500-14uc,40031417,2026-09-18T16:08:42,2592,1944,682,415,889,830,5,1.0,83433,10.926167740126314,13.896671587598941,3.0210557030972454,0.7678747721076916,0.5896316656394394,0.0008008074663564194,0.0,0.0,0.0,1,,ok,
e1000g15.bmp,1000,15,1000.0,15.002450535668002,1.0,RGB8,daA2500-14uc,40031417,2026-09-18T16:08:43,2592,1944,682,415,889,830,5,1.0,83433,44.9564459626486,70.33023108434679,3.6662532453042007,0.5736837613943373,0.3291130580875549,0.0003574032037273265,0.0,0.0,0.0,1,,ok,
e2000g15.bmp,2000,15,2000.0,15.002450535668002,1.0,RGB8,daA2500-14uc,40031417,2026-09-18T16:08:43,2592,1944,682,415,889,830,5,1.0,83433,63.97426723826556,98.84391304221712,4.842461249968105,1.1349765991071517,1.288171880520836,0.0007419896860483767,0.0,0.0,0.0,1,,ok,
e3000g15.bmp,3000,15,3000.0,15.002450535668002,1.0,RGB8,daA2500-14uc,40031417,2026-09-18T16:08:43,2592,1944,682,415,889,830,5,1.0,83433,78.49805717040879,120.11018975370388,5.645084530225791,1.2995641731892007,1.6888670402369308,0.0003993803733000956,0.0,0.0,0.0,1,,ok,
e4000g15.bmp,4000,15,4000.0,15.002450535668002,1.0,RGB8,daA2500-14uc,40031417,2026-09-18T16:08:44,2592,1944,682,415,889,830,5,1.0,83433,90.39248759994346,137.4149290217724,6.336697843564129,1.389057942923106,1.929481968797771,0.0008099728008504954,0.0,0.0,0.0,1,,ok,
e5000g15.bmp,5000,15,5000.0,15.002450535668002,1.0,RGB8,daA2500-14uc,40031417,2026-09-18T16:08:44,2592,1944,682,415,889,830,5,1.0,83433,100.62407937032432,152.33086214753288,6.8603777176724074,1.4717676556861945,2.1661000323240365,0.0010290436778238228,0.0,0.0,0.0,1,,ok,
e6000g15.bmp,6000,15,6000.0,15.002450535668002,1.0,RGB8,daA2500-14uc,40031417,2026-09-18T16:08:44,2592,1944,682,415,889,830,5,1.0,83433,109.50329211002196,165.66129957958105,7.366200261616196,1.5128427481798326,2.288693180720308,0.0012473925179625792,0.0,0.0,0.0,1,,ok,
e7000g15.bmp,7000,15,7000.0,15.002450535668002,1.0,RGB8,daA2500-14uc,40031417,2026-09-18T16:08:45,2592,1944,682,415,889,830,5,1.0,83433,117.70450079343532,177.7582326571202,7.846440787072464,1.538235677803515,2.3661690004676386,0.0014187637908303855,0.0,0.0,0.0,1,,ok,
e8000g15.bmp,8000,15,8000.0,15.002450535668002,1.0,RGB8,daA2500-14uc,40031417,2026-09-18T16:08:45,2592,1944,682,415,889,830,5,1.0,83433,125.23508540503701,188.7805073524894,8.26181909878212,1.593342182594633,2.5387393108354286,0.0009510569328809306,0.0,0.0,0.0,1,,ok,
e9000g15.bmp,9000,15,9000.0,15.002450535668002,1.0,RGB8,daA2500-14uc,40031417,2026-09-18T16:08:45,2592,1944,682,415,889,830,5,1.0,83433,132.15286611642185,199.0826721345939,8.686751434904638,1.6229937884003993,2.63410883718628,0.00194929919236515,0.0,0.0,0.0,1,,ok,
e10000g15.bmp,10000,15,10000.0,15.002450535668002,1.0,RGB8,daA2500-14uc,40031417,2026-09-18T16:08:45,2592,1944,682,415,889,830,5,1.0,83433,138.76193516791932,208.7887267522877,9.060086745045172,1.6294173836626207,2.6550010101819397,0.0014837873410237293,0.0,0.0,0.0,1,,ok,
e20000g15.bmp,20000,15,20000.0,15.002450535668002,1.0,RGB8,daA2500-14uc,40031417,2026-09-18T16:08:46,2592,1944,682,415,889,830,5,1.0,83433,180.55063043497242,254.96638320239887,0.2275281418835334,0.07246692000160189,0.0052514544945185685,2.591907402964804e-05,0.0,0.990838717187591,0.9999185146382632,0,high_roi_mean;near_white_pixels;channel_saturation,ok,
e30000g15.bmp,30000,15,30000.0,15.002450535668002,1.0,RGB8,daA2500-14uc,40031417,2026-09-18T16:08:46,2592,1944,682,415,889,830,5,1.0,83433,202.11819981333034,255.0,0.0,0.0,0.0,-1.52587890625e-05,0.0,1.0,1.0,0,high_roi_mean;near_white_pixels;channel_saturation,ok,
e40000g15.bmp,40000,15,40000.0,15.002450535668002,1.0,RGB8,daA2500-14uc,40031417,2026-09-18T16:08:46,2592,1944,682,415,889,830,5,1.0,83433,214.59681264487438,255.0,0.0,0.0,0.0,-1.52587890625e-05,0.0,1.0,1.0,0,high_roi_mean;near_white_pixels;channel_saturation,ok,
e50000g15.bmp,50000,15,50000.0,15.002450535668002,1.0,RGB8,daA2500-14uc,40031417,2026-09-18T16:08:47,2592,1944,682,415,889,830,5,1.0,83433,222.69010573845446,255.0,0.0,0.0,0.0,-1.52587890625e-05,0.0,1.0,1.0,0,high_roi_mean;near_white_pixels;channel_saturation,ok,
e60000g15.bmp,60000,15,60000.0,15.002450535668002,1.0,RGB8,daA2500-14uc,40031417,2026-09-18T16:08:47,2592,1944,682,415,889,830,5,1.0,83433,229.0979966909103,255.0,0.0,0.0,0.0,-1.52587890625e-05,0.0,1.0,1.0,0,high_roi_mean;near_white_pixels;channel_saturation,ok,
e70000g15.bmp,70000,15,70000.0,15.002450535668002,1.0,RGB8,daA2500-14uc,40031417,2026-09-18T16:08:47,2592,1944,682,415,889,830,5,1.0,83433,234.23399555473787,255.0,0.0,0.0,0.0,-1.52587890625e-05,0.0,1.0,1.0,0,high_roi_mean;near_white_pixels;channel_saturation,ok,
e80000g15.bmp,80000,15,80000.0,15.002450535668002,1.0,RGB8,daA2500-14uc,40031417,2026-09-18T16:08:48,2592,1944,682,415,889,830,5,1.0,83433,238.41074093364196,255.0,0.0,0.0,0.0,-1.52587890625e-05,0.0,1.0,1.0,0,high_roi_mean;near_white_pixels;channel_saturation,ok,
e90000g15.bmp,90000,15,90000.0,15.002450535668002,1.0,RGB8,daA2500-14uc,40031417,2026-09-18T16:08:48,2592,1944,682,415,889,830,5,1.0,83433,241.95266051168835,255.0,0.0,0.0,0.0,-1.52587890625e-05,0.0,1.0,1.0,0,high_roi_mean;near_white_pixels;channel_saturation,ok,
e100000g15.bmp,100000,15,100000.0,15.002450535668002,1.0,RGB8,daA2500-14uc,40031417,2026-09-18T16:08:49,2592,1944,682,415,889,830,5,1.0,83433,244.95221786011405,255.0,0.0,0.0,0.0,-1.52587890625e-05,0.0,1.0,1.0,0,high_roi_mean;near_white_pixels;channel_saturation,ok,
e200000g15.bmp,200000,15,200000.0,15.002450535668002,1.0,RGB8,daA2500-14uc,40031417,2026-09-18T16:08:49,2592,1944,682,415,889,830,5,1.0,83433,254.53099091677302,255.0,0.0,0.0,0.0,-1.52587890625e-05,0.0,1.0,1.0,0,high_roi_mean;near_white_pixels;channel_saturation,ok,
e300000g15.bmp,300000,15,300000.0,15.002450535668002,1.0,RGB8,daA2500-14uc,40031417,2026-09-18T16:08:50,2592,1944,682,415,889,830,5,1.0,83433,254.9505596650266,255.0,0.0,0.0,0.0,-1.52587890625e-05,0.0,1.0,1.0,0,high_roi_mean;near_white_pixels;channel_saturation,ok,
e400000g15.bmp,400000,15,400000.0,15.002450535668002,1.0,RGB8,daA2500-14uc,40031417,2026-09-18T16:08:50,2592,1944,682,415,889,830,5,1.0,83433,254.99645701795328,255.0,0.0,0.0,0.0,-1.52587890625e-05,0.0,1.0,1.0,0,high_roi_mean;near_white_pixels;channel_saturation,ok,
e500000g15.bmp,500000,15,500000.0,15.002450535668002,1.0,RGB8,daA2500-14uc,40031417,2026-09-18T16:08:51,2592,1944,682,415,889,830,5,1.0,83433,254.99999999999994,255.0,0.0,0.0,0.0,-1.52587890625e-05,0.0,1.0,1.0,0,high_roi_mean;near_white_pixels;channel_saturation,ok,
e600000g15.bmp,600000,15,600000.0,15.002450535668002,1.0,RGB8,daA2500-14uc,40031417,2026-09-18T16:08:52,2592,1944,682,415,889,830,5,1.0,83433,254.99999999999994,255.0,0.0,0.0,0.0,-1.52587890625e-05,0.0,1.0,1.0,0,high_roi_mean;near_white_pixels;channel_saturation,ok,
e700000g15.bmp,700000,15,700000.0,15.002450535668002,1.0,RGB8,daA2500-14uc,40031417,2026-09-18T16:08:53,2592,1944,682,415,889,830,5,1.0,83433,254.99999999999994,255.0,0.0,0.0,0.0,-1.52587890625e-05,0.0,1.0,1.0,0,high_roi_mean;near_white_pixels;channel_saturation,ok,
e800000g15.bmp,800000,15,800000.0,15.002450535668002,1.0,RGB8,daA2500-14uc,40031417,2026-09-18T16:08:55,2592,1944,682,415,889,830,5,1.0,83433,254.99999999999994,255.0,0.0,0.0,0.0,-1.52587890625e-05,0.0,1.0,1.0,0,high_roi_mean;near_white_pixels;channel_saturation,ok,
e900000g15.bmp,900000,15,900000.0,15.002450535668002,1.0,RGB8,daA2500-14uc,40031417,2026-09-18T16:08:56,2592,1944,682,415,889,830,5,1.0,83433,254.99999999999994,255.0,0.0,0.0,0.0,-1.52587890625e-05,0.0,1.0,1.0,0,high_roi_mean;near_white_pixels;channel_saturation,ok,
e990000g15.bmp,990000,15,990000.0,15.002450535668002,1.0,RGB8,daA2500-14uc,40031417,2026-09-18T16:08:58,2592,1944,682,415,889,830,5,1.0,83433,254.99999999999994,255.0,0.0,0.0,0.0,-1.52587890625e-05,0.0,1.0,1.0,0,high_roi_mean;near_white_pixels;channel_saturation,ok,
e10g16.bmp,10,16,10.0,15.917600346881503,1.0,RGB8,daA2500-14uc,40031417,2026-09-18T16:08:59,2592,1944,682,415,889,830,5,1.0,83433,12.368101742699917,15.818069339468776,3.237794772054793,0.7768635633440142,0.6035169960515592,0.000891834970028251,0.0,0.0,0.0,1,,ok,
e1000g16.bmp,1000,16,1000.0,15.917600346881503,1.0,RGB8,daA2500-14uc,40031417,2026-09-18T16:09:00,2592,1944,682,415,889,830,5,1.0,83433,48.111495750417546,74.53309034983984,3.789596702291831,0.5560936683002644,0.30924016792364445,0.0007870514690358066,0.0,0.0,0.0,1,,ok,
e2000g16.bmp,2000,16,2000.0,15.917600346881503,1.0,RGB8,daA2500-14uc,40031417,2026-09-18T16:09:00,2592,1944,682,415,889,830,5,1.0,83433,67.81815370298925,104.35788567620018,5.096410241224425,1.1726206034909068,1.3750390797313783,0.0016389318967776258,0.0,0.0,0.0,1,,ok,
e3000g16.bmp,3000,16,3000.0,15.917600346881503,1.0,RGB8,daA2500-14uc,40031417,2026-09-18T16:09:00,2592,1944,682,415,889,830,5,1.0,83433,83.06124279319398,126.66646385967756,5.930787300136662,1.3222131712066525,1.7482476701123526,0.0007174509496603001,0.0,0.0,0.0,1,,ok,
e4000g16.bmp,4000,16,4000.0,15.917600346881503,1.0,RGB8,daA2500-14uc,40031417,2026-09-18T16:09:01,2592,1944,682,415,889,830,5,1.0,83433,95.48852437838966,144.9133261759035,6.6164272837184175,1.4554297415626456,2.118275732625109,0.00032705351562617045,0.0,0.0,0.0,1,,ok,
e5000g16.bmp,5000,16,5000.0,15.917600346881503,1.0,RGB8,daA2500-14uc,40031417,2026-09-18T16:09:01,2592,1944,682,415,889,830,5,1.0,83433,106.23131843647595,160.55565608771562,7.206114874136101,1.5339319856519227,2.3529473366060505,0.000735871667505195,0.0,0.0,0.0,1,,ok,
e6000g16.bmp,6000,16,6000.0,15.917600346881503,1.0,RGB8,daA2500-14uc,40031417,2026-09-18T16:09:01,2592,1944,682,415,889,830,5,1.0,83433,115.79320962886754,174.51849307417766,7.769628295203457,1.5778802403061043,2.489706052748449,0.0009515364619032824,0.0,0.0,0.0,1,,ok,
e7000g16.bmp,7000,16,7000.0,15.917600346881503,1.0,RGB8,daA2500-14uc,40031417,2026-09-18T16:09:01,2592,1944,682,415,889,830,5,1.0,83433,124.44671334301015,187.17908460775706,8.255992111114836,1.6297878195906854,2.65620833688616,0.0009581333693652391,0.0,0.0,0.0,1,,ok,
e8000g16.bmp,8000,16,8000.0,15.917600346881503,1.0,RGB8,daA2500-14uc,40031417,2026-09-18T16:09:02,2592,1944,682,415,889,830,5,1.0,83433,132.31994990799484,198.81850213406702,8.690495207540225,1.682770948114231,2.831718063817268,0.0015142727310831557,0.0,0.0,0.0,1,,ok,
e9000g16.bmp,9000,16,9000.0,15.917600346881503,1.0,RGB8,daA2500-14uc,40031417,2026-09-18T16:09:02,2592,1944,682,415,889,830,5,1.0,83433,139.42598697083142,209.6227767632606,9.044240561768099,1.7005872741741677,2.8919970770831256,0.0012422758957435344,0.0,0.0,0.0,1,,ok,
e10000g16.bmp,10000,16,10000.0,15.917600346881503,1.0,RGB8,daA2500-14uc,40031417,2026-09-18T16:09:02,2592,1944,682,415,889,830,5,1.0,83433,145.9225522371383,219.7366803629685,9.445184206027895,1.7085470036624912,2.919132863724077,0.0016524272004861873,0.0,0.0,0.0,1,,ok,
e20000g16.bmp,20000,16,20000.0,15.917600346881503,1.0,RGB8,daA2500-14uc,40031417,2026-09-18T16:09:03,2592,1944,682,415,889,830,5,1.0,83433,186.91561587668448,254.9999067548642,0.010456098206989027,0.0012782327141614494,1.6338788715525457e-06,-6.814359791314588e-07,0.0,0.9999883592340376,1.0,0,high_roi_mean;near_white_pixels;channel_saturation,ok,
e30000g16.bmp,30000,16,30000.0,15.917600346881503,1.0,RGB8,daA2500-14uc,40031417,2026-09-18T16:09:03,2592,1944,682,415,889,830,5,1.0,83433,207.42214562872306,255.0,0.0,0.0,0.0,-1.52587890625e-05,0.0,1.0,1.0,0,high_roi_mean;near_white_pixels;channel_saturation,ok,
e40000g16.bmp,40000,16,40000.0,15.917600346881503,1.0,RGB8,daA2500-14uc,40031417,2026-09-18T16:09:03,2592,1944,682,415,889,830,5,1.0,83433,218.97980163958107,255.0,0.0,0.0,0.0,-1.52587890625e-05,0.0,1.0,1.0,0,high_roi_mean;near_white_pixels;channel_saturation,ok,
e50000g16.bmp,50000,16,50000.0,15.917600346881503,1.0,RGB8,daA2500-14uc,40031417,2026-09-18T16:09:03,2592,1944,682,415,889,830,5,1.0,83433,226.82663634783188,255.0,0.0,0.0,0.0,-1.52587890625e-05,0.0,1.0,1.0,0,high_roi_mean;near_white_pixels;channel_saturation,ok,
e60000g16.bmp,60000,16,60000.0,15.917600346881503,1.0,RGB8,daA2500-14uc,40031417,2026-09-18T16:09:04,2592,1944,682,415,889,830,5,1.0,83433,233.05572793900507,255.0,0.0,0.0,0.0,-1.52587890625e-05,0.0,1.0,1.0,0,high_roi_mean;near_white_pixels;channel_saturation,ok,
e70000g16.bmp,70000,16,70000.0,15.917600346881503,1.0,RGB8,daA2500-14uc,40031417,2026-09-18T16:09:04,2592,1944,682,415,889,830,5,1.0,83433,238.0026740558556,255.0,0.0,0.0,0.0,-1.52587890625e-05,0.0,1.0,1.0,0,high_roi_mean;near_white_pixels;channel_saturation,ok,
e80000g16.bmp,80000,16,80000.0,15.917600346881503,1.0,RGB8,daA2500-14uc,40031417,2026-09-18T16:09:04,2592,1944,682,415,889,830,5,1.0,83433,241.96279640802817,255.0,0.0,0.0,0.0,-1.52587890625e-05,0.0,1.0,1.0,0,high_roi_mean;near_white_pixels;channel_saturation,ok,
e90000g16.bmp,90000,16,90000.0,15.917600346881503,1.0,RGB8,daA2500-14uc,40031417,2026-09-18T16:09:05,2592,1944,682,415,889,830,5,1.0,83433,245.261436920304,255.0,0.0,0.0,0.0,-1.52587890625e-05,0.0,1.0,1.0,0,high_roi_mean;near_white_pixels;channel_saturation,ok,
e100000g16.bmp,100000,16,100000.0,15.917600346881503,1.0,RGB8,daA2500-14uc,40031417,2026-09-18T16:09:05,2592,1944,682,415,889,830,5,1.0,83433,247.91201896227068,255.0,0.0,0.0,0.0,-1.52587890625e-05,0.0,1.0,1.0,0,high_roi_mean;near_white_pixels;channel_saturation,ok,
e200000g16.bmp,200000,16,200000.0,15.917600346881503,1.0,RGB8,daA2500-14uc,40031417,2026-09-18T16:09:06,2592,1944,682,415,889,830,5,1.0,83433,254.76328751829783,255.0,0.0,0.0,0.0,-1.52587890625e-05,0.0,1.0,1.0,0,high_roi_mean;near_white_pixels;channel_saturation,ok,
e300000g16.bmp,300000,16,300000.0,15.917600346881503,1.0,RGB8,daA2500-14uc,40031417,2026-09-18T16:09:06,2592,1944,682,415,889,830,5,1.0,83433,254.97825620618045,255.0,0.0,0.0,0.0,-1.52587890625e-05,0.0,1.0,1.0,0,high_roi_mean;near_white_pixels;channel_saturation,ok,
e400000g16.bmp,400000,16,400000.0,15.917600346881503,1.0,RGB8,daA2500-14uc,40031417,2026-09-18T16:09:07,2592,1944,682,415,889,830,5,1.0,83433,254.99983251707528,255.0,0.0,0.0,0.0,-1.52587890625e-05,0.0,1.0,1.0,0,high_roi_mean;near_white_pixels;channel_saturation,ok,
e500000g16.bmp,500000,16,500000.0,15.917600346881503,1.0,RGB8,daA2500-14uc,40031417,2026-09-18T16:09:08,2592,1944,682,415,889,830,5,1.0,83433,254.99999999999994,255.0,0.0,0.0,0.0,-1.52587890625e-05,0.0,1.0,1.0,0,high_roi_mean;near_white_pixels;channel_saturation,ok,
e600000g16.bmp,600000,16,600000.0,15.917600346881503,1.0,RGB8,daA2500-14uc,40031417,2026-09-18T16:09:09,2592,1944,682,415,889,830,5,1.0,83433,254.99999999999994,255.0,0.0,0.0,0.0,-1.52587890625e-05,0.0,1.0,1.0,0,high_roi_mean;near_white_pixels;channel_saturation,ok,
e700000g16.bmp,700000,16,700000.0,15.917600346881503,1.0,RGB8,daA2500-14uc,40031417,2026-09-18T16:09:10,2592,1944,682,415,889,830,5,1.0,83433,254.99999999999994,255.0,0.0,0.0,0.0,-1.52587890625e-05,0.0,1.0,1.0,0,high_roi_mean;near_white_pixels;channel_saturation,ok,
e800000g16.bmp,800000,16,800000.0,15.917600346881503,1.0,RGB8,daA2500-14uc,40031417,2026-09-18T16:09:11,2592,1944,682,415,889,830,5,1.0,83433,254.99999999999994,255.0,0.0,0.0,0.0,-1.52587890625e-05,0.0,1.0,1.0,0,high_roi_mean;near_white_pixels;channel_saturation,ok,
e900000g16.bmp,900000,16,900000.0,15.917600346881503,1.0,RGB8,daA2500-14uc,40031417,2026-09-18T16:09:13,2592,1944,682,415,889,830,5,1.0,83433,254.99999999999994,255.0,0.0,0.0,0.0,-1.52587890625e-05,0.0,1.0,1.0,0,high_roi_mean;near_white_pixels;channel_saturation,ok,
e990000g16.bmp,990000,16,990000.0,15.917600346881503,1.0,RGB8,daA2500-14uc,40031417,2026-09-18T16:09:15,2592,1944,682,415,889,830,5,1.0,83433,254.99999999999994,255.0,0.0,0.0,0.0,-1.52587890625e-05,0.0,1.0,1.0,0,high_roi_mean;near_white_pixels;channel_saturation,ok,
e10g17.bmp,10,17,10.0,17.055697373610958,1.0,RGB8,daA2500-14uc,40031417,2026-09-18T16:09:15,2592,1944,682,415,889,830,5,1.0,83433,13.482805712734336,17.07815140005693,3.385902642430629,0.8103482987359714,0.6566643652642831,0.001444565185818096,0.0,0.0,0.0,1,,ok,
e1000g17.bmp,1000,17,1000.0,17.055697373610958,1.0,RGB8,daA2500-14uc,40031417,2026-09-18T16:09:17,2592,1944,682,415,889,830,5,1.0,83433,51.00925804052831,78.6486312327122,4.046683996127177,0.5672009375239236,0.32171690352801796,0.00018383783868516692,0.0,0.0,0.0,1,,ok,
e2000g17.bmp,2000,17,2000.0,17.055697373610958,1.0,RGB8,daA2500-14uc,40031417,2026-09-18T16:09:17,2592,1944,682,415,889,830,5,1.0,83433,71.5062580036151,109.75538655618497,5.297306549631022,1.1895058079756704,1.4149240672078522,0.0007362104651840306,0.0,0.0,0.0,1,,ok,
e3000g17.bmp,3000,17,3000.0,17.055697373610958,1.0,RGB8,daA2500-14uc,40031417,2026-09-18T16:09:17,2592,1944,682,415,889,830,5,1.0,83433,87.42539535584322,133.09880694600326,6.2357574263806015,1.3854249077116347,1.9194021749077916,0.00045488604052404885,0.0,0.0,0.0,1,,ok,
e4000g17.bmp,4000,17,4000.0,17.055697373610958,1.0,RGB8,daA2500-14uc,40031417,2026-09-18T16:09:17,2592,1944,682,415,889,830,5,1.0,83433,100.4420891328732,152.15473506077782,6.899079003680081,1.5071759544970031,2.2715793578139523,0.0016227101176055937,0.0,0.0,0.0,1,,ok,
e5000g17.bmp,5000,17,5000.0,17.055697373610958,1.0,RGB8,daA2500-14uc,40031417,2026-09-18T16:09:18,2592,1944,682,415,889,830,5,1.0,83433,111.66977695278761,168.55786779399358,7.537553257529497,1.583752257215052,2.508271212233772,0.0016636910116828397,0.0,0.0,0.0,1,,ok,
e6000g17.bmp,6000,17,6000.0,17.055697373610958,1.0,RGB8,daA2500-14uc,40031417,2026-09-18T16:09:18,2592,1944,682,415,889,830,5,1.0,83433,121.61914989815132,183.08193129032207,8.162438494946075,1.6340641286002517,2.6701655763781003,0.0010222938770503916,0.0,0.0,0.0,1,,ok,
e7000g17.bmp,7000,17,7000.0,17.055697373610958,1.0,RGB8,daA2500-14uc,40031417,2026-09-18T16:09:18,2592,1944,682,415,889,830,5,1.0,83433,130.6051679530718,196.31302056778546,8.566730290885685,1.6702665543639772,2.7897903626269125,0.0011124054639440291,0.0,0.0,0.0,1,,ok,
e8000g17.bmp,8000,17,8000.0,17.055697373610958,1.0,RGB8,daA2500-14uc,40031417,2026-09-18T16:09:18,2592,1944,682,415,889,830,5,1.0,83433,138.63543914779729,208.54059176903777,9.049433168553858,1.7304130932651305,2.9943294733433974,0.00028754641431270075,0.0,0.0,0.0,1,,ok,
e9000g17.bmp,9000,17,9000.0,17.055697373610958,1.0,RGB8,daA2500-14uc,40031417,2026-09-18T16:09:19,2592,1944,682,415,889,830,5,1.0,83433,145.91662376876616,219.81791849626484,9.437968175643359,1.7609816726964849,3.10105645157291,0.0020887951359783072,0.0,0.0,0.0,1,,ok,
e10000g17.bmp,10000,17,10000.0,17.055697373610958,1.0,RGB8,daA2500-14uc,40031417,2026-09-18T16:09:19,2592,1944,682,415,889,830,5,1.0,83433,152.63993516811777,230.3643570627477,9.910858925091778,1.7917536211119032,3.2103810387676175,0.0006825658533877857,0.0,0.0,0.014131889878353995,0,channel_saturation,ok,
e20000g17.bmp,20000,17,20000.0,17.055697373610958,1.0,RGB8,daA2500-14uc,40031417,2026-09-18T16:09:19,2592,1944,682,415,889,830,5,1.0,83433,192.73598187859605,255.0,0.0,0.0,0.0,-1.52587890625e-05,0.0,1.0,1.0,0,high_roi_mean;near_white_pixels;channel_saturation,ok,
e30000g17.bmp,30000,17,30000.0,17.055697373610958,1.0,RGB8,daA2500-14uc,40031417,2026-09-18T16:09:20,2592,1944,682,415,889,830,5,1.0,83433,211.9149704450303,255.0,0.0,0.0,0.0,-1.52587890625e-05,0.0,1.0,1.0,0,high_roi_mean;near_white_pixels;channel_saturation,ok,
e40000g17.bmp,40000,17,40000.0,17.055697373610958,1.0,RGB8,daA2500-14uc,40031417,2026-09-18T16:09:20,2592,1944,682,415,889,830,5,1.0,83433,222.8965176250603,255.0,0.0,0.0,0.0,-1.52587890625e-05,0.0,1.0,1.0,0,high_roi_mean;near_white_pixels;channel_saturation,ok,
e50000g17.bmp,50000,17,50000.0,17.055697373610958,1.0,RGB8,daA2500-14uc,40031417,2026-09-18T16:09:20,2592,1944,682,415,889,830,5,1.0,83433,230.5994078928358,255.0,0.0,0.0,0.0,-1.52587890625e-05,0.0,1.0,1.0,0,high_roi_mean;near_white_pixels;channel_saturation,ok,
e60000g17.bmp,60000,17,60000.0,17.055697373610958,1.0,RGB8,daA2500-14uc,40031417,2026-09-18T16:09:21,2592,1944,682,415,889,830,5,1.0,83433,236.4590532030337,255.0,0.0,0.0,0.0,-1.52587890625e-05,0.0,1.0,1.0,0,high_roi_mean;near_white_pixels;channel_saturation,ok,
e70000g17.bmp,70000,17,70000.0,17.055697373610958,1.0,RGB8,daA2500-14uc,40031417,2026-09-18T16:09:21,2592,1944,682,415,889,830,5,1.0,83433,241.17965162830868,255.0,0.0,0.0,0.0,-1.52587890625e-05,0.0,1.0,1.0,0,high_roi_mean;near_white_pixels;channel_saturation,ok,
e80000g17.bmp,80000,17,80000.0,17.055697373610958,1.0,RGB8,daA2500-14uc,40031417,2026-09-18T16:09:21,2592,1944,682,415,889,830,5,1.0,83433,244.95758127770472,255.0,0.0,0.0,0.0,-1.52587890625e-05,0.0,1.0,1.0,0,high_roi_mean;near_white_pixels;channel_saturation,ok,
e90000g17.bmp,90000,17,90000.0,17.055697373610958,1.0,RGB8,daA2500-14uc,40031417,2026-09-18T16:09:22,2592,1944,682,415,889,830,5,1.0,83433,247.9029931829656,255.0,0.0,0.0,0.0,-1.52587890625e-05,0.0,1.0,1.0,0,high_roi_mean;near_white_pixels;channel_saturation,ok,
e100000g17.bmp,100000,17,100000.0,17.055697373610958,1.0,RGB8,daA2500-14uc,40031417,2026-09-18T16:09:22,2592,1944,682,415,889,830,5,1.0,83433,250.09721984310696,255.0,0.0,0.0,0.0,-1.52587890625e-05,0.0,1.0,1.0,0,high_roi_mean;near_white_pixels;channel_saturation,ok,
e200000g17.bmp,200000,17,200000.0,17.055697373610958,1.0,RGB8,daA2500-14uc,40031417,2026-09-18T16:09:22,2592,1944,682,415,889,830,5,1.0,83433,254.86550937456337,255.0,0.0,0.0,0.0,-1.52587890625e-05,0.0,1.0,1.0,0,high_roi_mean;near_white_pixels;channel_saturation,ok,
e300000g17.bmp,300000,17,300000.0,17.055697373610958,1.0,RGB8,daA2500-14uc,40031417,2026-09-18T16:09:23,2592,1944,682,415,889,830,5,1.0,83433,254.99186990181084,255.0,0.0,0.0,0.0,-1.52587890625e-05,0.0,1.0,1.0,0,high_roi_mean;near_white_pixels;channel_saturation,ok,
e400000g17.bmp,400000,17,400000.0,17.055697373610958,1.0,RGB8,daA2500-14uc,40031417,2026-09-18T16:09:24,2592,1944,682,415,889,830,5,1.0,83433,254.99999999999994,255.0,0.0,0.0,0.0,-1.52587890625e-05,0.0,1.0,1.0,0,high_roi_mean;near_white_pixels;channel_saturation,ok,
e500000g17.bmp,500000,17,500000.0,17.055697373610958,1.0,RGB8,daA2500-14uc,40031417,2026-09-18T16:09:24,2592,1944,682,415,889,830,5,1.0,83433,254.99999999999994,255.0,0.0,0.0,0.0,-1.52587890625e-05,0.0,1.0,1.0,0,high_roi_mean;near_white_pixels;channel_saturation,ok,
e600000g17.bmp,600000,17,600000.0,17.055697373610958,1.0,RGB8,daA2500-14uc,40031417,2026-09-18T16:09:25,2592,1944,682,415,889,830,5,1.0,83433,254.99999999999994,255.0,0.0,0.0,0.0,-1.52587890625e-05,0.0,1.0,1.0,0,high_roi_mean;near_white_pixels;channel_saturation,ok,
e700000g17.bmp,700000,17,700000.0,17.055697373610958,1.0,RGB8,daA2500-14uc,40031417,2026-09-18T16:09:27,2592,1944,682,415,889,830,5,1.0,83433,254.99999999999994,255.0,0.0,0.0,0.0,-1.52587890625e-05,0.0,1.0,1.0,0,high_roi_mean;near_white_pixels;channel_saturation,ok,
e800000g17.bmp,800000,17,800000.0,17.055697373610958,1.0,RGB8,daA2500-14uc,40031417,2026-09-18T16:09:28,2592,1944,682,415,889,830,5,1.0,83433,254.99999999999994,255.0,0.0,0.0,0.0,-1.52587890625e-05,0.0,1.0,1.0,0,high_roi_mean;near_white_pixels;channel_saturation,ok,
e900000g17.bmp,900000,17,900000.0,17.055697373610958,1.0,RGB8,daA2500-14uc,40031417,2026-09-18T16:09:30,2592,1944,682,415,889,830,5,1.0,83433,254.99999999999994,255.0,0.0,0.0,0.0,-1.52587890625e-05,0.0,1.0,1.0,0,high_roi_mean;near_white_pixels;channel_saturation,ok,
e990000g17.bmp,990000,17,990000.0,17.055697373610958,1.0,RGB8,daA2500-14uc,40031417,2026-09-18T16:09:31,2592,1944,682,415,889,830,5,1.0,83433,254.99999999999994,255.0,0.0,0.0,0.0,-1.52587890625e-05,0.0,1.0,1.0,0,high_roi_mean;near_white_pixels;channel_saturation,ok,
e10g18.bmp,10,18,10.0,18.06179973983887,1.0,RGB8,daA2500-14uc,40031417,2026-09-18T16:09:32,2592,1944,682,415,889,830,5,1.0,83433,14.468644012480627,18.145410947098622,3.681985350539805,0.8549899321248742,0.7310077840348969,0.0001064533454798364,0.0,0.0,0.0,1,,ok,
e1000g18.bmp,1000,18,1000.0,18.06179973983887,1.0,RGB8,daA2500-14uc,40031417,2026-09-18T16:09:33,2592,1944,682,415,889,830,5,1.0,83433,53.51219838859993,82.34778293098728,4.122268732087339,0.5643140436641101,0.3184503398765391,-0.0004990292291571624,0.0,0.0,0.0,1,,ok,
e2000g18.bmp,2000,18,2000.0,18.06179973983887,1.0,RGB8,daA2500-14uc,40031417,2026-09-18T16:09:34,2592,1944,682,415,889,830,5,1.0,83433,74.91224046329637,114.7426761876537,5.527966962065695,1.1823404987869837,1.397929055071853,0.00038140233280020534,0.0,0.0,0.0,1,,ok,
e3000g18.bmp,3000,18,3000.0,18.06179973983887,1.0,RGB8,daA2500-14uc,40031417,2026-09-18T16:09:34,2592,1944,682,415,889,830,5,1.0,83433,91.4649313029486,139.02360974846866,6.434437165570831,1.3978037049858296,1.9538551976721124,0.000785190276443046,0.0,0.0,0.0,1,,ok,
e4000g18.bmp,4000,18,4000.0,18.06179973983887,1.0,RGB8,daA2500-14uc,40031417,2026-09-18T16:09:34,2592,1944,682,415,889,830,5,1.0,83433,104.94533386301788,158.80670924310212,7.164347943389155,1.5331224675659485,2.350464500555503,0.001181905898553143,0.0,0.0,0.0,1,,ok,
e5000g18.bmp,5000,18,5000.0,18.06179973983887,1.0,RGB8,daA2500-14uc,40031417,2026-09-18T16:09:34,2592,1944,682,415,889,830,5,1.0,83433,116.56571643161294,175.75448805543306,7.859018104455164,1.6103637278733958,2.5932713360503006,0.0010701769165523346,0.0,0.0,0.0,1,,ok,
e6000g18.bmp,6000,18,6000.0,18.06179973983887,1.0,RGB8,daA2500-14uc,40031417,2026-09-18T16:09:35,2592,1944,682,415,889,830,5,1.0,83433,126.91269351982832,190.99925510501302,8.413728200928324,1.6820053660553895,2.829142051439125,0.002043049127989019,0.0,0.0,0.0,1,,ok,
e7000g18.bmp,7000,18,7000.0,18.06179973983887,1.0,RGB8,daA2500-14uc,40031417,2026-09-18T16:09:35,2592,1944,682,415,889,830,5,1.0,83433,135.9569399771535,204.653343492431,8.977091335219498,1.721473880705278,2.9634723219504897,0.0011901844495545827,0.0,0.0,0.0,1,,ok,
e8000g18.bmp,8000,18,8000.0,18.06179973983887,1.0,RGB8,daA2500-14uc,40031417,2026-09-18T16:09:35,2592,1944,682,415,889,830,5,1.0,83433,144.09687878677823,217.25006027936615,9.407617154759201,1.751304488134654,3.0670674101605826,0.0013900491101509782,0.0,0.0,0.0,1,,ok,
e9000g18.bmp,9000,18,9000.0,18.06179973983887,1.0,RGB8,daA2500-14uc,40031417,2026-09-18T16:09:35,2592,1944,682,415,889,830,5,1.0,83433,151.5418651691815,229.00080071474758,9.815231046567835,1.7891475300344164,3.201048884228253,0.002172097849682717,0.0,0.0,0.0059018683429369655,1,,ok,
e10000g18.bmp,10000,18,10000.0,18.06179973983887,1.0,RGB8,daA2500-14uc,40031417,2026-09-18T16:09:36,2592,1944,682,415,889,830,5,1.0,83433,158.21302576203925,239.42821109434908,9.689025082164038,1.6498731754804552,2.722081495169961,0.0019483993896229797,0.0,0.002223386298818462,0.2568535009603632,0,channel_saturation,ok,
e20000g18.bmp,20000,18,20000.0,18.06179973983887,1.0,RGB8,daA2500-14uc,40031417,2026-09-18T16:09:36,2592,1944,682,415,889,830,5,1.0,83433,197.24582523009224,255.0,0.0,0.0,0.0,-1.52587890625e-05,0.0,1.0,1.0,0,high_roi_mean;near_white_pixels;channel_saturation,ok,
e30000g18.bmp,30000,18,30000.0,18.06179973983887,1.0,RGB8,daA2500-14uc,40031417,2026-09-18T16:09:36,2592,1944,682,415,889,830,5,1.0,83433,215.33713306156483,255.0,0.0,0.0,0.0,-1.52587890625e-05,0.0,1.0,1.0,0,high_roi_mean;near_white_pixels;channel_saturation,ok,
e40000g18.bmp,40000,18,40000.0,18.06179973983887,1.0,RGB8,daA2500-14uc,40031417,2026-09-18T16:09:36,2592,1944,682,415,889,830,5,1.0,83433,225.90471320428793,255.0,0.0,0.0,0.0,-1.52587890625e-05,0.0,1.0,1.0,0,high_roi_mean;near_white_pixels;channel_saturation,ok,
e50000g18.bmp,50000,18,50000.0,18.06179973983887,1.0,RGB8,daA2500-14uc,40031417,2026-09-18T16:09:37,2592,1944,682,415,889,830,5,1.0,83433,233.39088825441846,255.0,0.0,0.0,0.0,-1.52587890625e-05,0.0,1.0,1.0,0,high_roi_mean;near_white_pixels;channel_saturation,ok,
e60000g18.bmp,60000,18,60000.0,18.06179973983887,1.0,RGB8,daA2500-14uc,40031417,2026-09-18T16:09:37,2592,1944,682,415,889,830,5,1.0,83433,239.12440133955218,255.0,0.0,0.0,0.0,-1.52587890625e-05,0.0,1.0,1.0,0,high_roi_mean;near_white_pixels;channel_saturation,ok,
e70000g18.bmp,70000,18,70000.0,18.06179973983887,1.0,RGB8,daA2500-14uc,40031417,2026-09-18T16:09:38,2592,1944,682,415,889,830,5,1.0,83433,243.64532975414215,255.0,0.0,0.0,0.0,-1.52587890625e-05,0.0,1.0,1.0,0,high_roi_mean;near_white_pixels;channel_saturation,ok,
e80000g18.bmp,80000,18,80000.0,18.06179973983887,1.0,RGB8,daA2500-14uc,40031417,2026-09-18T16:09:38,2592,1944,682,415,889,830,5,1.0,83433,247.16362977093172,255.0,0.0,0.0,0.0,-1.52587890625e-05,0.0,1.0,1.0,0,high_roi_mean;near_white_pixels;channel_saturation,ok,
e90000g18.bmp,90000,18,90000.0,18.06179973983887,1.0,RGB8,daA2500-14uc,40031417,2026-09-18T16:09:38,2592,1944,682,415,889,830,5,1.0,83433,249.71617401993467,255.0,0.0,0.0,0.0,-1.52587890625e-05,0.0,1.0,1.0,0,high_roi_mean;near_white_pixels;channel_saturation,ok,
e100000g18.bmp,100000,18,100000.0,18.06179973983887,1.0,RGB8,daA2500-14uc,40031417,2026-09-18T16:09:38,2592,1944,682,415,889,830,5,1.0,83433,251.48887278798645,255.0,0.0,0.0,0.0,-1.52587890625e-05,0.0,1.0,1.0,0,high_roi_mean;near_white_pixels;channel_saturation,ok,
e200000g18.bmp,200000,18,200000.0,18.06179973983887,1.0,RGB8,daA2500-14uc,40031417,2026-09-18T16:09:39,2592,1944,682,415,889,830,5,1.0,83433,254.9164523025898,255.0,0.0,0.0,0.0,-1.52587890625e-05,0.0,1.0,1.0,0,high_roi_mean;near_white_pixels;channel_saturation,ok,
e300000g18.bmp,300000,18,300000.0,18.06179973983887,1.0,RGB8,daA2500-14uc,40031417,2026-09-18T16:09:39,2592,1944,682,415,889,830,5,1.0,83433,254.99755324133608,255.0,0.0,0.0,0.0,-1.52587890625e-05,0.0,1.0,1.0,0,high_roi_mean;near_white_pixels;channel_saturation,ok,
e400000g18.bmp,400000,18,400000.0,18.06179973983887,1.0,RGB8,daA2500-14uc,40031417,2026-09-18T16:09:40,2592,1944,682,415,889,830,5,1.0,83433,254.99999999999994,255.0,0.0,0.0,0.0,-1.52587890625e-05,0.0,1.0,1.0,0,high_roi_mean;near_white_pixels;channel_saturation,ok,
e500000g18.bmp,500000,18,500000.0,18.06179973983887,1.0,RGB8,daA2500-14uc,40031417,2026-09-18T16:09:41,2592,1944,682,415,889,830,5,1.0,83433,254.99999999999994,255.0,0.0,0.0,0.0,-1.52587890625e-05,0.0,1.0,1.0,0,high_roi_mean;near_white_pixels;channel_saturation,ok,
e600000g18.bmp,600000,18,600000.0,18.06179973983887,1.0,RGB8,daA2500-14uc,40031417,2026-09-18T16:09:42,2592,1944,682,415,889,830,5,1.0,83433,254.99999999999994,255.0,0.0,0.0,0.0,-1.52587890625e-05,0.0,1.0,1.0,0,high_roi_mean;near_white_pixels;channel_saturation,ok,
e700000g18.bmp,700000,18,700000.0,18.06179973983887,1.0,RGB8,daA2500-14uc,40031417,2026-09-18T16:09:43,2592,1944,682,415,889,830,5,1.0,83433,254.99999999999994,255.0,0.0,0.0,0.0,-1.52587890625e-05,0.0,1.0,1.0,0,high_roi_mean;near_white_pixels;channel_saturation,ok,
e800000g18.bmp,800000,18,800000.0,18.06179973983887,1.0,RGB8,daA2500-14uc,40031417,2026-09-18T16:09:44,2592,1944,682,415,889,830,5,1.0,83433,254.99999999999994,255.0,0.0,0.0,0.0,-1.52587890625e-05,0.0,1.0,1.0,0,high_roi_mean;near_white_pixels;channel_saturation,ok,
e900000g18.bmp,900000,18,900000.0,18.06179973983887,1.0,RGB8,daA2500-14uc,40031417,2026-09-18T16:09:46,2592,1944,682,415,889,830,5,1.0,83433,254.99999999999994,255.0,0.0,0.0,0.0,-1.52587890625e-05,0.0,1.0,1.0,0,high_roi_mean;near_white_pixels;channel_saturation,ok,
e990000g18.bmp,990000,18,990000.0,18.06179973983887,1.0,RGB8,daA2500-14uc,40031417,2026-09-18T16:09:48,2592,1944,682,415,889,830,5,1.0,83433,254.99999999999994,255.0,0.0,0.0,0.0,-1.52587890625e-05,0.0,1.0,1.0,0,high_roi_mean;near_white_pixels;channel_saturation,ok,
e10g19.bmp,10,19,10.0,18.963367234542634,1.0,RGB8,daA2500-14uc,40031417,2026-09-18T16:09:49,2592,1944,682,415,889,830,5,1.0,83433,15.901948392370635,19.9248415780771,3.868280477310988,0.9114289707711148,0.8307027687608938,0.0003809317995191911,0.0,0.0,0.0,1,,ok,
e1000g19.bmp,1000,19,1000.0,18.963367234542634,1.0,RGB8,daA2500-14uc,40031417,2026-09-18T16:09:50,2592,1944,682,415,889,830,5,1.0,83433,57.214528219743876,87.6472723835041,4.318341279783245,0.6105463710318088,0.3727668711801111,-4.7644372311184574e-05,0.0,0.0,0.0,1,,ok,
e2000g19.bmp,2000,19,2000.0,18.963367234542634,1.0,RGB8,daA2500-14uc,40031417,2026-09-18T16:09:50,2592,1944,682,415,889,830,5,1.0,83433,79.76094007261182,121.74471309620345,5.800413863716433,1.2784889192996212,1.634533916771913,0.0008677437031891889,0.0,0.0,0.0,1,,ok,
e3000g19.bmp,3000,19,3000.0,18.963367234542634,1.0,RGB8,daA2500-14uc,40031417,2026-09-18T16:09:50,2592,1944,682,415,889,830,5,1.0,83433,97.22477666998486,147.47239595358477,6.789003346048191,1.4951420511580575,2.2354497531411233,0.001213835362281711,0.0,0.0,0.0,1,,ok,
e4000g19.bmp,4000,19,4000.0,18.963367234542634,1.0,RGB8,daA2500-14uc,40031417,2026-09-18T16:09:51,2592,1944,682,415,889,830,5,1.0,83433,111.50657773006846,168.32285840812867,7.632391366277992,1.653311885844,2.7334401918730435,0.0003944835809379794,0.0,0.0,0.0,1,,ok,
e5000g19.bmp,5000,19,5000.0,18.963367234542634,1.0,RGB8,daA2500-14uc,40031417,2026-09-18T16:09:51,2592,1944,682,415,889,830,5,1.0,83433,123.7582616893782,186.2722925250879,8.330772649716666,1.752822544167957,3.0723868713434297,0.0009708165645216446,0.0,0.0,0.0,1,,ok,
e6000g19.bmp,6000,19,6000.0,18.963367234542634,1.0,RGB8,daA2500-14uc,40031417,2026-09-18T16:09:51,2592,1944,682,415,889,830,5,1.0,83433,134.54187985845175,202.29573117946623,8.890437945708474,1.7947696356946101,3.2211980452113638,0.0014553671079896257,0.0,0.0,0.0,1,,ok,
e7000g19.bmp,7000,19,7000.0,18.963367234542634,1.0,RGB8,daA2500-14uc,40031417,2026-09-18T16:09:52,2592,1944,682,415,889,830,5,1.0,83433,143.978214346811,216.85022936923616,9.483413858339093,1.841805664134105,3.392248104436472,0.001049711707883309,0.0,0.0,0.0,1,,ok,
e8000g19.bmp,8000,19,8000.0,18.963367234542634,1.0,RGB8,daA2500-14uc,40031417,2026-09-18T16:09:52,2592,1944,682,415,889,830,5,1.0,83433,152.52191195170008,230.1767448647767,9.935551888081354,1.8810649769916257,3.538405447664505,0.0014462878788570432,0.0,0.0,0.015761597113090043,0,channel_saturation,ok,
e9000g19.bmp,9000,19,9000.0,18.963367234542634,1.0,RGB8,daA2500-14uc,40031417,2026-09-18T16:09:52,2592,1944,682,415,889,830,5,1.0,83433,160.0059183837258,241.6541093189845,9.282854545423422,1.657142045315303,2.7461197583517856,0.0021916788009821503,0.0,0.013014376345963564,0.34552121529596647,0,near_white_pixels;channel_saturation,ok,
e10000g19.bmp,10000,19,10000.0,18.963367234542634,1.0,RGB8,daA2500-14uc,40031417,2026-09-18T16:09:52,2592,1944,682,415,889,830,5,1.0,83433,166.29400321958508,249.31850461440843,6.478336341149976,1.2124993214411517,1.4701546044952531,0.0005875814322944758,0.0,0.3457889529131017,0.6731156510098365,0,near_white_pixels;channel_saturation,ok,
e20000g19.bmp,20000,19,20000.0,18.963367234542634,1.0,RGB8,daA2500-14uc,40031417,2026-09-18T16:09:53,2592,1944,682,415,889,830,5,1.0,83433,203.87404200364844,255.0,0.0,0.0,0.0,-1.52587890625e-05,0.0,1.0,1.0,0,high_roi_mean;near_white_pixels;channel_saturation,ok,
e30000g19.bmp,30000,19,30000.0,18.963367234542634,1.0,RGB8,daA2500-14uc,40031417,2026-09-18T16:09:53,2592,1944,682,415,889,830,5,1.0,83433,220.451671855948,255.0,0.0,0.0,0.0,-1.52587890625e-05,0.0,1.0,1.0,0,high_roi_mean;near_white_pixels;channel_saturation,ok,
e40000g19.bmp,40000,19,40000.0,18.963367234542634,1.0,RGB8,daA2500-14uc,40031417,2026-09-18T16:09:53,2592,1944,682,415,889,830,5,1.0,83433,230.52786429775216,255.0,0.0,0.0,0.0,-1.52587890625e-05,0.0,1.0,1.0,0,high_roi_mean;near_white_pixels;channel_saturation,ok,
e50000g19.bmp,50000,19,50000.0,18.963367234542634,1.0,RGB8,daA2500-14uc,40031417,2026-09-18T16:09:54,2592,1944,682,415,889,830,5,1.0,83433,237.67972811801425,255.0,0.0,0.0,0.0,-1.52587890625e-05,0.0,1.0,1.0,0,high_roi_mean;near_white_pixels;channel_saturation,ok,
e60000g19.bmp,60000,19,60000.0,18.963367234542634,1.0,RGB8,daA2500-14uc,40031417,2026-09-18T16:09:54,2592,1944,682,415,889,830,5,1.0,83433,243.1056236598127,255.0,0.0,0.0,0.0,-1.52587890625e-05,0.0,1.0,1.0,0,high_roi_mean;near_white_pixels;channel_saturation,ok,
e70000g19.bmp,70000,19,70000.0,18.963367234542634,1.0,RGB8,daA2500-14uc,40031417,2026-09-18T16:09:54,2592,1944,682,415,889,830,5,1.0,83433,247.19789452291474,255.0,0.0,0.0,0.0,-1.52587890625e-05,0.0,1.0,1.0,0,high_roi_mean;near_white_pixels;channel_saturation,ok,
e80000g19.bmp,80000,19,80000.0,18.963367234542634,1.0,RGB8,daA2500-14uc,40031417,2026-09-18T16:09:55,2592,1944,682,415,889,830,5,1.0,83433,250.0389547460054,255.0,0.0,0.0,0.0,-1.52587890625e-05,0.0,1.0,1.0,0,high_roi_mean;near_white_pixels;channel_saturation,ok,
e90000g19.bmp,90000,19,90000.0,18.963367234542634,1.0,RGB8,daA2500-14uc,40031417,2026-09-18T16:09:55,2592,1944,682,415,889,830,5,1.0,83433,251.90481061822064,255.0,0.0,0.0,0.0,-1.52587890625e-05,0.0,1.0,1.0,0,high_roi_mean;near_white_pixels;channel_saturation,ok,
e100000g19.bmp,100000,19,100000.0,18.963367234542634,1.0,RGB8,daA2500-14uc,40031417,2026-09-18T16:09:55,2592,1944,682,415,889,830,5,1.0,83433,253.07318622451004,255.0,0.0,0.0,0.0,-1.52587890625e-05,0.0,1.0,1.0,0,high_roi_mean;near_white_pixels;channel_saturation,ok,
e200000g19.bmp,200000,19,200000.0,18.963367234542634,1.0,RGB8,daA2500-14uc,40031417,2026-09-18T16:09:56,2592,1944,682,415,889,830,5,1.0,83433,254.95987920651703,255.0,0.0,0.0,0.0,-1.52587890625e-05,0.0,1.0,1.0,0,high_roi_mean;near_white_pixels;channel_saturation,ok,
e300000g19.bmp,300000,19,300000.0,18.963367234542634,1.0,RGB8,daA2500-14uc,40031417,2026-09-18T16:09:56,2592,1944,682,415,889,830,5,1.0,83433,254.99992911792532,255.0,0.0,0.0,0.0,-1.52587890625e-05,0.0,1.0,1.0,0,high_roi_mean;near_white_pixels;channel_saturation,ok,
e400000g19.bmp,400000,19,400000.0,18.963367234542634,1.0,RGB8,daA2500-14uc,40031417,2026-09-18T16:09:57,2592,1944,682,415,889,830,5,1.0,83433,254.99999999999994,255.0,0.0,0.0,0.0,-1.52587890625e-05,0.0,1.0,1.0,0,high_roi_mean;near_white_pixels;channel_saturation,ok,
e500000g19.bmp,500000,19,500000.0,18.963367234542634,1.0,RGB8,daA2500-14uc,40031417,2026-09-18T16:09:58,2592,1944,682,415,889,830,5,1.0,83433,254.99999999999994,255.0,0.0,0.0,0.0,-1.52587890625e-05,0.0,1.0,1.0,0,high_roi_mean;near_white_pixels;channel_saturation,ok,
e600000g19.bmp,600000,19,600000.0,18.963367234542634,1.0,RGB8,daA2500-14uc,40031417,2026-09-18T16:09:59,2592,1944,682,415,889,830,5,1.0,83433,254.99999999999994,255.0,0.0,0.0,0.0,-1.52587890625e-05,0.0,1.0,1.0,0,high_roi_mean;near_white_pixels;channel_saturation,ok,
e700000g19.bmp,700000,19,700000.0,18.963367234542634,1.0,RGB8,daA2500-14uc,40031417,2026-09-18T16:10:00,2592,1944,682,415,889,830,5,1.0,83433,254.99999999999994,255.0,0.0,0.0,0.0,-1.52587890625e-05,0.0,1.0,1.0,0,high_roi_mean;near_white_pixels;channel_saturation,ok,
e800000g19.bmp,800000,19,800000.0,18.963367234542634,1.0,RGB8,daA2500-14uc,40031417,2026-09-18T16:10:01,2592,1944,682,415,889,830,5,1.0,83433,254.99999999999994,255.0,0.0,0.0,0.0,-1.52587890625e-05,0.0,1.0,1.0,0,high_roi_mean;near_white_pixels;channel_saturation,ok,
e900000g19.bmp,900000,19,900000.0,18.963367234542634,1.0,RGB8,daA2500-14uc,40031417,2026-09-18T16:10:03,2592,1944,682,415,889,830,5,1.0,83433,254.99999999999994,255.0,0.0,0.0,0.0,-1.52587890625e-05,0.0,1.0,1.0,0,high_roi_mean;near_white_pixels;channel_saturation,ok,
e990000g19.bmp,990000,19,990000.0,18.963367234542634,1.0,RGB8,daA2500-14uc,40031417,2026-09-18T16:10:05,2592,1944,682,415,889,830,5,1.0,83433,254.99999999999994,255.0,0.0,0.0,0.0,-1.52587890625e-05,0.0,1.0,1.0,0,high_roi_mean;near_white_pixels;channel_saturation,ok,
e10g20.bmp,10,20,10.0,20.0,1.0,RGB8,daA2500-14uc,40031417,2026-09-18T16:10:06,2592,1944,682,415,889,830,5,1.0,83433,17.47960583212671,22.08963795130664,4.003788388935932,0.9417900561617982,0.8869685098852431,0.0015212500543868577,0.0,0.0,0.0,1,,ok,
e1000g20.bmp,1000,20,1000.0,20.0,1.0,RGB8,daA2500-14uc,40031417,2026-09-18T16:10:07,2592,1944,682,415,889,830,5,1.0,83433,60.99484811329891,94.97236874869411,4.099747292004154,0.6281262374384005,0.3945425701585219,-0.0001667619784550178,0.0,0.0,0.0,1,,ok,
e2000g20.bmp,2000,20,2000.0,20.0,1.0,RGB8,daA2500-14uc,40031417,2026-09-18T16:10:07,2592,1944,682,415,889,830,5,1.0,83433,84.63280245663293,131.5170581729481,5.39931971526241,1.3317365950568827,1.7735223586136994,-0.0004430243725867144,0.0,0.0,0.0,1,,ok,
e3000g20.bmp,3000,20,3000.0,20.0,1.0,RGB8,daA2500-14uc,40031417,2026-09-18T16:10:07,2592,1944,682,415,889,830,5,1.0,83433,103.09685426688799,159.05702027585687,6.316807895043155,1.542443628134704,2.3791323459733493,-8.072986309935817e-05,0.0,0.0,0.0,1,,ok,
e4000g20.bmp,4000,20,4000.0,20.0,1.0,RGB8,daA2500-14uc,40031417,2026-09-18T16:10:08,2592,1944,682,415,889,830,5,1.0,83433,118.11958148886413,181.50820878125842,7.005579848234328,1.7039029154435927,2.903285145257175,-2.8757110402208957e-06,0.0,0.0,0.0,1,,ok,
e5000g20.bmp,5000,20,5000.0,20.0,1.0,RGB8,daA2500-14uc,40031417,2026-09-18T16:10:08,2592,1944,682,415,889,830,5,1.0,83433,130.96589399898548,200.84951561937288,7.68530988113676,1.8135321630154015,3.288898906291321,-0.0010134567899565557,0.0,0.0,0.0,1,,ok,
e6000g20.bmp,6000,20,6000.0,20.0,1.0,RGB8,daA2500-14uc,40031417,2026-09-18T16:10:08,2592,1944,682,415,889,830,5,1.0,83433,141.80602243032533,217.93315792271355,8.250386855473193,1.8905208112245198,3.5740689376730166,-0.0005484667144735521,0.0,0.0,0.0,1,,ok,
e7000g20.bmp,7000,20,7000.0,20.0,1.0,RGB8,daA2500-14uc,40031417,2026-09-18T16:10:08,2592,1944,682,415,889,830,5,1.0,83433,151.22584551310138,233.36919826043302,8.726247884145288,1.9060546505837517,3.633044331011948,-0.00013472680619291827,0.0,0.0,0.03183749490716489,0,channel_saturation,ok,
e8000g20.bmp,8000,20,8000.0,20.0,1.0,RGB8,daA2500-14uc,40031417,2026-09-18T16:10:09,2592,1944,682,415,889,830,5,1.0,83433,159.43106400570127,245.8643971325889,7.259101077995159,1.532079112668023,2.3472664074736374,-4.109062611897421e-05,0.0,0.05381526104417671,0.5021942843839124,0,near_white_pixels;channel_saturation,ok,
e9000g20.bmp,9000,20,9000.0,20.0,1.0,RGB8,daA2500-14uc,40031417,2026-09-18T16:10:09,2592,1944,682,415,889,830,5,1.0,83433,166.29853459481214,252.54998401916941,3.587599066269468,0.8878806749215522,0.7883320928991511,0.00024237613376901226,0.0,0.5519701996391363,0.8652464932192538,0,high_roi_mean;near_white_pixels;channel_saturation,ok,
e10000g20.bmp,10000,20,10000.0,20.0,1.0,RGB8,daA2500-14uc,40031417,2026-09-18T16:10:09,2592,1944,682,415,889,830,5,1.0,83433,172.11579761802696,254.63725469043152,0.977922831312327,0.29649359198048564,0.08790845008549071,4.093992744833429e-05,0.0,0.8761771724579477,0.9942378208486118,0,high_roi_mean;near_white_pixels;channel_saturation,ok,
e20000g20.bmp,20000,20,20000.0,20.0,1.0,RGB8,daA2500-14uc,40031417,2026-09-18T16:10:09,2592,1944,682,415,889,830,5,1.0,83433,207.33530129704246,255.0,0.0,0.0,0.0,-1.52587890625e-05,0.0,1.0,1.0,0,high_roi_mean;near_white_pixels;channel_saturation,ok,
e30000g20.bmp,30000,20,30000.0,20.0,1.0,RGB8,daA2500-14uc,40031417,2026-09-18T16:10:10,2592,1944,682,415,889,830,5,1.0,83433,223.3293629845552,255.0,0.0,0.0,0.0,-1.52587890625e-05,0.0,1.0,1.0,0,high_roi_mean;near_white_pixels;channel_saturation,ok,
e40000g20.bmp,40000,20,40000.0,20.0,1.0,RGB8,daA2500-14uc,40031417,2026-09-18T16:10:10,2592,1944,682,415,889,830,5,1.0,83433,233.35619670904936,255.0,0.0,0.0,0.0,-1.52587890625e-05,0.0,1.0,1.0,0,high_roi_mean;near_white_pixels;channel_saturation,ok,
e50000g20.bmp,50000,20,50000.0,20.0,1.0,RGB8,daA2500-14uc,40031417,2026-09-18T16:10:11,2592,1944,682,415,889,830,5,1.0,83433,240.48306434129387,255.0,0.0,0.0,0.0,-1.52587890625e-05,0.0,1.0,1.0,0,high_roi_mean;near_white_pixels;channel_saturation,ok,
e60000g20.bmp,60000,20,60000.0,20.0,1.0,RGB8,daA2500-14uc,40031417,2026-09-18T16:10:11,2592,1944,682,415,889,830,5,1.0,83433,245.7124893535189,255.0,0.0,0.0,0.0,-1.52587890625e-05,0.0,1.0,1.0,0,high_roi_mean;near_white_pixels;channel_saturation,ok,
e70000g20.bmp,70000,20,70000.0,20.0,1.0,RGB8,daA2500-14uc,40031417,2026-09-18T16:10:11,2592,1944,682,415,889,830,5,1.0,83433,249.36225076465888,255.0,0.0,0.0,0.0,-1.52587890625e-05,0.0,1.0,1.0,0,high_roi_mean;near_white_pixels;channel_saturation,ok,
e80000g20.bmp,80000,20,80000.0,20.0,1.0,RGB8,daA2500-14uc,40031417,2026-09-18T16:10:12,2592,1944,682,415,889,830,5,1.0,83433,251.6638220756014,255.0,0.0,0.0,0.0,-1.52587890625e-05,0.0,1.0,1.0,0,high_roi_mean;near_white_pixels;channel_saturation,ok,
e90000g20.bmp,90000,20,90000.0,20.0,1.0,RGB8,daA2500-14uc,40031417,2026-09-18T16:10:12,2592,1944,682,415,889,830,5,1.0,83433,253.03225009803822,255.0,0.0,0.0,0.0,-1.52587890625e-05,0.0,1.0,1.0,0,high_roi_mean;near_white_pixels;channel_saturation,ok,
e100000g20.bmp,100000,20,100000.0,20.0,1.0,RGB8,daA2500-14uc,40031417,2026-09-18T16:10:12,2592,1944,682,415,889,830,5,1.0,83433,253.86747458188853,255.0,0.0,0.0,0.0,-1.52587890625e-05,0.0,1.0,1.0,0,high_roi_mean;near_white_pixels;channel_saturation,ok,
e200000g20.bmp,200000,20,200000.0,20.0,1.0,RGB8,daA2500-14uc,40031417,2026-09-18T16:10:13,2592,1944,682,415,889,830,5,1.0,83433,254.98987547709316,255.0,0.0,0.0,0.0,-1.52587890625e-05,0.0,1.0,1.0,0,high_roi_mean;near_white_pixels;channel_saturation,ok,
e300000g20.bmp,300000,20,300000.0,20.0,1.0,RGB8,daA2500-14uc,40031417,2026-09-18T16:10:13,2592,1944,682,415,889,830,5,1.0,83433,254.99999999999994,255.0,0.0,0.0,0.0,-1.52587890625e-05,0.0,1.0,1.0,0,high_roi_mean;near_white_pixels;channel_saturation,ok,
e400000g20.bmp,400000,20,400000.0,20.0,1.0,RGB8,daA2500-14uc,40031417,2026-09-18T16:10:14,2592,1944,682,415,889,830,5,1.0,83433,254.99999999999994,255.0,0.0,0.0,0.0,-1.52587890625e-05,0.0,1.0,1.0,0,high_roi_mean;near_white_pixels;channel_saturation,ok,
e500000g20.bmp,500000,20,500000.0,20.0,1.0,RGB8,daA2500-14uc,40031417,2026-09-18T16:10:15,2592,1944,682,415,889,830,5,1.0,83433,254.99999999999994,255.0,0.0,0.0,0.0,-1.52587890625e-05,0.0,1.0,1.0,0,high_roi_mean;near_white_pixels;channel_saturation,ok,
e600000g20.bmp,600000,20,600000.0,20.0,1.0,RGB8,daA2500-14uc,40031417,2026-09-18T16:10:16,2592,1944,682,415,889,830,5,1.0,83433,254.99999999999994,255.0,0.0,0.0,0.0,-1.52587890625e-05,0.0,1.0,1.0,0,high_roi_mean;near_white_pixels;channel_saturation,ok,
e700000g20.bmp,700000,20,700000.0,20.0,1.0,RGB8,daA2500-14uc,40031417,2026-09-18T16:10:17,2592,1944,682,415,889,830,5,1.0,83433,254.99999999999994,255.0,0.0,0.0,0.0,-1.52587890625e-05,0.0,1.0,1.0,0,high_roi_mean;near_white_pixels;channel_saturation,ok,
e800000g20.bmp,800000,20,800000.0,20.0,1.0,RGB8,daA2500-14uc,40031417,2026-09-18T16:10:18,2592,1944,682,415,889,830,5,1.0,83433,254.99999999999994,255.0,0.0,0.0,0.0,-1.52587890625e-05,0.0,1.0,1.0,0,high_roi_mean;near_white_pixels;channel_saturation,ok,
e900000g20.bmp,900000,20,900000.0,20.0,1.0,RGB8,daA2500-14uc,40031417,2026-09-18T16:10:20,2592,1944,682,415,889,830,5,1.0,83433,254.99999999999994,255.0,0.0,0.0,0.0,-1.52587890625e-05,0.0,1.0,1.0,0,high_roi_mean;near_white_pixels;channel_saturation,ok,
e990000g20.bmp,990000,20,990000.0,20.0,1.0,RGB8,daA2500-14uc,40031417,2026-09-18T16:10:22,2592,1944,682,415,889,830,5,1.0,83433,254.99999999999994,255.0,0.0,0.0,0.0,-1.52587890625e-05,0.0,1.0,1.0,0,high_roi_mean;near_white_pixels;channel_saturation,ok,
e10g21.bmp,10,21,10.0,21.023050448947625,1.0,RGB8,daA2500-14uc,40031417,2026-09-18T16:10:23,2592,1944,682,415,889,830,5,1.0,83433,18.663742538770766,23.49057665917532,4.312267236533951,0.9974583272392763,0.9949231145789753,-0.0006064107133928612,0.0,0.0,0.0,1,,ok,
e1000g21.bmp,1000,21,1000.0,21.023050448947625,1.0,RGB8,daA2500-14uc,40031417,2026-09-18T16:10:24,2592,1944,682,415,889,830,5,1.0,83433,64.22913694856443,99.75546446988346,4.315193916085965,0.6433750617770821,0.4139314701166643,-7.7817940485367e-05,0.0,0.0,0.0,1,,ok,
e2000g21.bmp,2000,21,2000.0,21.023050448947625,1.0,RGB8,daA2500-14uc,40031417,2026-09-18T16:10:24,2592,1944,682,415,889,830,5,1.0,83433,88.83271462663687,137.84031279945629,5.62857402243159,1.2654035564788635,1.6012461607493564,-0.00032123104204870973,0.0,0.0,0.0,1,,ok,
e3000g21.bmp,3000,21,3000.0,21.023050448947625,1.0,RGB8,daA2500-14uc,40031417,2026-09-18T16:10:24,2592,1944,682,415,889,830,5,1.0,83433,108.04018669783251,166.58738478703935,6.49834973850606,1.537528247955747,2.363993113261869,-0.0002319108060626678,0.0,0.0,0.0,1,,ok,
e4000g21.bmp,4000,21,4000.0,21.023050448947625,1.0,RGB8,daA2500-14uc,40031417,2026-09-18T16:10:24,2592,1944,682,415,889,830,5,1.0,83433,123.7415618748571,190.02177682739705,7.304466242945537,1.7050205139897185,2.9070949531257644,-0.0009001423628395127,0.0,0.0,0.0,1,,ok,
e5000g21.bmp,5000,21,5000.0,21.023050448947625,1.0,RGB8,daA2500-14uc,40031417,2026-09-18T16:10:25,2592,1944,682,415,889,830,5,1.0,83433,136.92760362289155,210.27051957973424,8.052817101078778,1.8432405362114883,3.397535674333215,-0.0006081660660022489,0.0,0.0,0.0,1,,ok,
e6000g21.bmp,6000,21,6000.0,21.023050448947625,1.0,RGB8,daA2500-14uc,40031417,2026-09-18T16:10:25,2592,1944,682,415,889,830,5,1.0,83433,147.95636161995756,228.1379932540113,8.603999958745284,1.9289655828202514,3.720908219705072,-0.00065915196187079,0.0,0.0,0.0018625225539840521,1,,ok,
e7000g21.bmp,7000,21,7000.0,21.023050448947625,1.0,RGB8,daA2500-14uc,40031417,2026-09-18T16:10:25,2592,1944,682,415,889,830,5,1.0,83433,157.4727855910716,243.4004525258956,7.94127949460205,1.684712379758433,2.8382558025113225,-0.0005058222826437081,0.0,0.009685117280717071,0.3852627902916012,0,channel_saturation,ok,
e8000g21.bmp,8000,21,8000.0,21.023050448947625,1.0,RGB8,daA2500-14uc,40031417,2026-09-18T16:10:25,2592,1944,682,415,889,830,5,1.0,83433,165.26818928036724,251.9766464450988,4.07172233321404,0.9846188125434648,0.9694742060145028,-7.999484130651616e-05,0.0,0.49013445084686574,0.8285431581398056,0,high_roi_mean;near_white_pixels;channel_saturation,ok,
e9000g21.bmp,9000,21,9000.0,21.023050448947625,1.0,RGB8,daA2500-14uc,40031417,2026-09-18T16:10:26,2592,1944,682,415,889,830,5,1.0,83433,171.76897871279309,254.5933914338215,1.0346809171212437,0.31718189164376825,0.10060435238671915,-0.00022674407287790054,0.0,0.8629998253885106,0.9944589954018974,0,high_roi_mean;near_white_pixels;channel_saturation,ok,
e10000g21.bmp,10000,21,10000.0,21.023050448947625,1.0,RGB8,daA2500-14uc,40031417,2026-09-18T16:10:26,2592,1944,682,415,889,830,5,1.0,83433,177.42221849279832,254.98865926156506,0.1151793838702124,0.04425964389603515,0.0019589160778038413,-0.0001000836690724144,0.0,0.9969268377859263,0.9999650777021128,0,high_roi_mean;near_white_pixels;channel_saturation,ok,
e20000g21.bmp,20000,21,20000.0,21.023050448947625,1.0,RGB8,daA2500-14uc,40031417,2026-09-18T16:10:26,2592,1944,682,415,889,830,5,1.0,83433,211.52258141047318,255.0,0.0,0.0,0.0,-1.52587890625e-05,0.0,1.0,1.0,0,high_roi_mean;near_white_pixels;channel_saturation,ok,
e30000g21.bmp,30000,21,30000.0,21.023050448947625,1.0,RGB8,daA2500-14uc,40031417,2026-09-18T16:10:26,2592,1944,682,415,889,830,5,1.0,83433,226.87707366485353,255.0,0.0,0.0,0.0,-1.52587890625e-05,0.0,1.0,1.0,0,high_roi_mean;near_white_pixels;channel_saturation,ok,
e40000g21.bmp,40000,21,40000.0,21.023050448947625,1.0,RGB8,daA2500-14uc,40031417,2026-09-18T16:10:27,2592,1944,682,415,889,830,5,1.0,83433,236.5747835509227,255.0,0.0,0.0,0.0,-1.52587890625e-05,0.0,1.0,1.0,0,high_roi_mean;near_white_pixels;channel_saturation,ok,
e50000g21.bmp,50000,21,50000.0,21.023050448947625,1.0,RGB8,daA2500-14uc,40031417,2026-09-18T16:10:27,2592,1944,682,415,889,830,5,1.0,83433,243.44936443448978,255.0,0.0,0.0,0.0,-1.52587890625e-05,0.0,1.0,1.0,0,high_roi_mean;near_white_pixels;channel_saturation,ok,
e60000g21.bmp,60000,21,60000.0,21.023050448947625,1.0,RGB8,daA2500-14uc,40031417,2026-09-18T16:10:28,2592,1944,682,415,889,830,5,1.0,83433,248.18954209890828,255.0,0.0,0.0,0.0,-1.52587890625e-05,0.0,1.0,1.0,0,high_roi_mean;near_white_pixels;channel_saturation,ok,
e70000g21.bmp,70000,21,70000.0,21.023050448947625,1.0,RGB8,daA2500-14uc,40031417,2026-09-18T16:10:28,2592,1944,682,415,889,830,5,1.0,83433,251.15254687817531,255.0,0.0,0.0,0.0,-1.52587890625e-05,0.0,1.0,1.0,0,high_roi_mean;near_white_pixels;channel_saturation,ok,
e80000g21.bmp,80000,21,80000.0,21.023050448947625,1.0,RGB8,daA2500-14uc,40031417,2026-09-18T16:10:28,2592,1944,682,415,889,830,5,1.0,83433,252.84027085020227,255.0,0.0,0.0,0.0,-1.52587890625e-05,0.0,1.0,1.0,0,high_roi_mean;near_white_pixels;channel_saturation,ok,
e90000g21.bmp,90000,21,90000.0,21.023050448947625,1.0,RGB8,daA2500-14uc,40031417,2026-09-18T16:10:29,2592,1944,682,415,889,830,5,1.0,83433,253.82245797015506,255.0,0.0,0.0,0.0,-1.52587890625e-05,0.0,1.0,1.0,0,high_roi_mean;near_white_pixels;channel_saturation,ok,
e100000g21.bmp,100000,21,100000.0,21.023050448947625,1.0,RGB8,daA2500-14uc,40031417,2026-09-18T16:10:29,2592,1944,682,415,889,830,5,1.0,83433,254.3855654679403,255.0,0.0,0.0,0.0,-1.52587890625e-05,0.0,1.0,1.0,0,high_roi_mean;near_white_pixels;channel_saturation,ok,
e200000g21.bmp,200000,21,200000.0,21.023050448947625,1.0,RGB8,daA2500-14uc,40031417,2026-09-18T16:10:29,2592,1944,682,415,889,830,5,1.0,83433,254.99674641167977,255.0,0.0,0.0,0.0,-1.52587890625e-05,0.0,1.0,1.0,0,high_roi_mean;near_white_pixels;channel_saturation,ok,
e300000g21.bmp,300000,21,300000.0,21.023050448947625,1.0,RGB8,daA2500-14uc,40031417,2026-09-18T16:10:30,2592,1944,682,415,889,830,5,1.0,83433,254.99999999999994,255.0,0.0,0.0,0.0,-1.52587890625e-05,0.0,1.0,1.0,0,high_roi_mean;near_white_pixels;channel_saturation,ok,
e400000g21.bmp,400000,21,400000.0,21.023050448947625,1.0,RGB8,daA2500-14uc,40031417,2026-09-18T16:10:30,2592,1944,682,415,889,830,5,1.0,83433,254.99999999999994,255.0,0.0,0.0,0.0,-1.52587890625e-05,0.0,1.0,1.0,0,high_roi_mean;near_white_pixels;channel_saturation,ok,
e500000g21.bmp,500000,21,500000.0,21.023050448947625,1.0,RGB8,daA2500-14uc,40031417,2026-09-18T16:10:31,2592,1944,682,415,889,830,5,1.0,83433,254.99999999999994,255.0,0.0,0.0,0.0,-1.52587890625e-05,0.0,1.0,1.0,0,high_roi_mean;near_white_pixels;channel_saturation,ok,
e600000g21.bmp,600000,21,600000.0,21.023050448947625,1.0,RGB8,daA2500-14uc,40031417,2026-09-18T16:10:32,2592,1944,682,415,889,830,5,1.0,83433,254.99999999999994,255.0,0.0,0.0,0.0,-1.52587890625e-05,0.0,1.0,1.0,0,high_roi_mean;near_white_pixels;channel_saturation,ok,
e700000g21.bmp,700000,21,700000.0,21.023050448947625,1.0,RGB8,daA2500-14uc,40031417,2026-09-18T16:10:33,2592,1944,682,415,889,830,5,1.0,83433,254.99999999999994,255.0,0.0,0.0,0.0,-1.52587890625e-05,0.0,1.0,1.0,0,high_roi_mean;near_white_pixels;channel_saturation,ok,
e800000g21.bmp,800000,21,800000.0,21.023050448947625,1.0,RGB8,daA2500-14uc,40031417,2026-09-18T16:10:35,2592,1944,682,415,889,830,5,1.0,83433,254.99999999999994,255.0,0.0,0.0,0.0,-1.52587890625e-05,0.0,1.0,1.0,0,high_roi_mean;near_white_pixels;channel_saturation,ok,
e900000g21.bmp,900000,21,900000.0,21.023050448947625,1.0,RGB8,daA2500-14uc,40031417,2026-09-18T16:10:36,2592,1944,682,415,889,830,5,1.0,83433,254.99999999999994,255.0,0.0,0.0,0.0,-1.52587890625e-05,0.0,1.0,1.0,0,high_roi_mean;near_white_pixels;channel_saturation,ok,
e990000g21.bmp,990000,21,990000.0,21.023050448947625,1.0,RGB8,daA2500-14uc,40031417,2026-09-18T16:10:38,2592,1944,682,415,889,830,5,1.0,83433,254.99999999999994,255.0,0.0,0.0,0.0,-1.52587890625e-05,0.0,1.0,1.0,0,high_roi_mean;near_white_pixels;channel_saturation,ok,
e10g22.bmp,10,22,10.0,22.024627735813983,1.0,RGB8,daA2500-14uc,40031417,2026-09-18T16:10:39,2592,1944,682,415,889,830,5,1.0,83433,20.385185689070198,25.68693606371819,4.575100267741693,1.051793371555383,1.10626929644784,-0.0014398818137043253,0.0,0.0,0.0,1,,ok,
e1000g22.bmp,1000,22,1000.0,22.024627735813983,1.0,RGB8,daA2500-14uc,40031417,2026-09-18T16:10:40,2592,1944,682,415,889,830,5,1.0,83433,68.3394025126378,105.70465555174943,4.43301271743,0.6742149052865557,0.45456573851055926,-0.00018299463938785464,0.0,0.0,0.0,1,,ok,
e2000g22.bmp,2000,22,2000.0,22.024627735813983,1.0,RGB8,daA2500-14uc,40031417,2026-09-18T16:10:40,2592,1944,682,415,889,830,5,1.0,83433,94.37018822357808,145.9457066638916,5.914790342651798,1.3908386383553784,1.9344321179422432,-0.00012394764484723145,0.0,0.0,0.0,1,,ok,
e3000g22.bmp,3000,22,3000.0,22.024627735813983,1.0,RGB8,daA2500-14uc,40031417,2026-09-18T16:10:41,2592,1944,682,415,889,830,5,1.0,83433,114.50042268014434,176.14226503926713,6.972399557011918,1.669348440556291,2.786724215987721,0.00029036963685962836,0.0,0.0,0.0,1,,ok,
e4000g22.bmp,4000,22,4000.0,22.024627735813983,1.0,RGB8,daA2500-14uc,40031417,2026-09-18T16:10:41,2592,1944,682,415,889,830,5,1.0,83433,130.91174032993254,200.83024707756667,7.744868736437836,1.8454634851350502,3.405735474966806,-2.79251586391738e-05,0.0,0.0,0.0,1,,ok,
e5000g22.bmp,5000,22,5000.0,22.024627735813983,1.0,RGB8,daA2500-14uc,40031417,2026-09-18T16:10:41,2592,1944,682,415,889,830,5,1.0,83433,144.25890633910765,222.01183512391106,8.429509489355686,1.981791567834575,3.9274978183402225,-0.0010564944282692587,0.0,0.0,0.0,1,,ok,
e6000g22.bmp,6000,22,6000.0,22.024627735813983,1.0,RGB8,daA2500-14uc,40031417,2026-09-18T16:10:42,2592,1944,682,415,889,830,5,1.0,83433,155.5185125002778,240.43750894798623,8.46223004936071,1.8625873848757277,3.469231766298202,-0.0010387701431158647,0.0,0.0014085326814504394,0.2502881089575694,0,channel_saturation,ok,
e7000g22.bmp,7000,22,7000.0,22.024627735813983,1.0,RGB8,daA2500-14uc,40031417,2026-09-18T16:10:42,2592,1944,682,415,889,830,5,1.0,83433,164.6122011291073,251.40403238008648,4.538035827138377,1.0898686802509339,1.1878137401919124,-0.0005985160473659441,0.0,0.43449158954659217,0.8015831441708865,0,high_roi_mean;near_white_pixels;channel_saturation,ok,
e8000g22.bmp,8000,22,8000.0,22.024627735813983,1.0,RGB8,daA2500-14uc,40031417,2026-09-18T16:10:42,2592,1944,682,415,889,830,5,1.0,83433,172.0156034226474,254.60345916153005,1.0199922199120204,0.31744032167980707,0.10076835782817939,-0.0001479831683806168,0.0,0.8667830743262906,0.9946103253594086,0,high_roi_mean;near_white_pixels;channel_saturation,ok,
e9000g22.bmp,9000,22,9000.0,22.024627735813983,1.0,RGB8,daA2500-14uc,40031417,2026-09-18T16:10:42,2592,1944,682,415,889,830,5,1.0,83433,178.36042049670874,254.99447719813102,0.07525967097245898,0.03171703586995607,0.0010059703643760802,-5.010785664798027e-05,0.0,0.9987660788079855,0.999941796170188,0,high_roi_mean;near_white_pixels;channel_saturation,ok,
e10000g22.bmp,10000,22,10000.0,22.024627735813983,1.0,RGB8,daA2500-14uc,40031417,2026-09-18T16:10:43,2592,1944,682,415,889,830,5,1.0,83433,184.02169709385953,254.9998504631567,0.011741239909250262,0.00477001372875199,2.2753030972482466e-05,-1.525824040229136e-05,0.0,0.9999883592340376,1.0,0,high_roi_mean;near_white_pixels;channel_saturation,ok,
e20000g22.bmp,20000,22,20000.0,22.024627735813983,1.0,RGB8,daA2500-14uc,40031417,2026-09-18T16:10:43,2592,1944,682,415,889,830,5,1.0,83433,216.4744340388914,255.0,0.0,0.0,0.0,-1.52587890625e-05,0.0,1.0,1.0,0,high_roi_mean;near_white_pixels;channel_saturation,ok,
e30000g22.bmp,30000,22,30000.0,22.024627735813983,1.0,RGB8,daA2500-14uc,40031417,2026-09-18T16:10:43,2592,1944,682,415,889,830,5,1.0,83433,231.12736282241497,255.0,0.0,0.0,0.0,-1.52587890625e-05,0.0,1.0,1.0,0,high_roi_mean;near_white_pixels;channel_saturation,ok,
e40000g22.bmp,40000,22,40000.0,22.024627735813983,1.0,RGB8,daA2500-14uc,40031417,2026-09-18T16:10:44,2592,1944,682,415,889,830,5,1.0,83433,240.46172134682368,255.0,0.0,0.0,0.0,-1.52587890625e-05,0.0,1.0,1.0,0,high_roi_mean;near_white_pixels;channel_saturation,ok,
e50000g22.bmp,50000,22,50000.0,22.024627735813983,1.0,RGB8,daA2500-14uc,40031417,2026-09-18T16:10:44,2592,1944,682,415,889,830,5,1.0,83433,246.7769700889965,255.0,0.0,0.0,0.0,-1.52587890625e-05,0.0,1.0,1.0,0,high_roi_mean;near_white_pixels;channel_saturation,ok,
e60000g22.bmp,60000,22,60000.0,22.024627735813983,1.0,RGB8,daA2500-14uc,40031417,2026-09-18T16:10:44,2592,1944,682,415,889,830,5,1.0,83433,250.6298157739626,255.0,0.0,0.0,0.0,-1.52587890625e-05,0.0,1.0,1.0,0,high_roi_mean;near_white_pixels;channel_saturation,ok,
e70000g22.bmp,70000,22,70000.0,22.024627735813983,1.0,RGB8,daA2500-14uc,40031417,2026-09-18T16:10:45,2592,1944,682,415,889,830,5,1.0,83433,252.7221716936093,255.0,0.0,0.0,0.0,-1.52587890625e-05,0.0,1.0,1.0,0,high_roi_mean;near_white_pixels;channel_saturation,ok,
e80000g22.bmp,80000,22,80000.0,22.024627735813983,1.0,RGB8,daA2500-14uc,40031417,2026-09-18T16:10:45,2592,1944,682,415,889,830,5,1.0,83433,253.83783950736355,255.0,0.0,0.0,0.0,-1.52587890625e-05,0.0,1.0,1.0,0,high_roi_mean;near_white_pixels;channel_saturation,ok,
e90000g22.bmp,90000,22,90000.0,22.024627735813983,1.0,RGB8,daA2500-14uc,40031417,2026-09-18T16:10:45,2592,1944,682,415,889,830,5,1.0,83433,254.44711869994885,255.0,0.0,0.0,0.0,-1.52587890625e-05,0.0,1.0,1.0,0,high_roi_mean;near_white_pixels;channel_saturation,ok,
e100000g22.bmp,100000,22,100000.0,22.024627735813983,1.0,RGB8,daA2500-14uc,40031417,2026-09-18T16:10:46,2592,1944,682,415,889,830,5,1.0,83433,254.73145364039556,255.0,0.0,0.0,0.0,-1.52587890625e-05,0.0,1.0,1.0,0,high_roi_mean;near_white_pixels;channel_saturation,ok,
e200000g22.bmp,200000,22,200000.0,22.024627735813983,1.0,RGB8,daA2500-14uc,40031417,2026-09-18T16:10:46,2592,1944,682,415,889,830,5,1.0,83433,254.99987518119218,255.0,0.0,0.0,0.0,-1.52587890625e-05,0.0,1.0,1.0,0,high_roi_mean;near_white_pixels;channel_saturation,ok,
e300000g22.bmp,300000,22,300000.0,22.024627735813983,1.0,RGB8,daA2500-14uc,40031417,2026-09-18T16:10:47,2592,1944,682,415,889,830,5,1.0,83433,254.99999999999994,255.0,0.0,0.0,0.0,-1.52587890625e-05,0.0,1.0,1.0,0,high_roi_mean;near_white_pixels;channel_saturation,ok,
e400000g22.bmp,400000,22,400000.0,22.024627735813983,1.0,RGB8,daA2500-14uc,40031417,2026-09-18T16:10:47,2592,1944,682,415,889,830,5,1.0,83433,254.99999999999994,255.0,0.0,0.0,0.0,-1.52587890625e-05,0.0,1.0,1.0,0,high_roi_mean;near_white_pixels;channel_saturation,ok,
e500000g22.bmp,500000,22,500000.0,22.024627735813983,1.0,RGB8,daA2500-14uc,40031417,2026-09-18T16:10:48,2592,1944,682,415,889,830,5,1.0,83433,254.99999999999994,255.0,0.0,0.0,0.0,-1.52587890625e-05,0.0,1.0,1.0,0,high_roi_mean;near_white_pixels;channel_saturation,ok,
e600000g22.bmp,600000,22,600000.0,22.024627735813983,1.0,RGB8,daA2500-14uc,40031417,2026-09-18T16:10:49,2592,1944,682,415,889,830,5,1.0,83433,254.99999999999994,255.0,0.0,0.0,0.0,-1.52587890625e-05,0.0,1.0,1.0,0,high_roi_mean;near_white_pixels;channel_saturation,ok,
e700000g22.bmp,700000,22,700000.0,22.024627735813983,1.0,RGB8,daA2500-14uc,40031417,2026-09-18T16:10:50,2592,1944,682,415,889,830,5,1.0,83433,254.99999999999994,255.0,0.0,0.0,0.0,-1.52587890625e-05,0.0,1.0,1.0,0,high_roi_mean;near_white_pixels;channel_saturation,ok,
e800000g22.bmp,800000,22,800000.0,22.024627735813983,1.0,RGB8,daA2500-14uc,40031417,2026-09-18T16:10:52,2592,1944,682,415,889,830,5,1.0,83433,254.99999999999994,255.0,0.0,0.0,0.0,-1.52587890625e-05,0.0,1.0,1.0,0,high_roi_mean;near_white_pixels;channel_saturation,ok,
e900000g22.bmp,900000,22,900000.0,22.024627735813983,1.0,RGB8,daA2500-14uc,40031417,2026-09-18T16:10:53,2592,1944,682,415,889,830,5,1.0,83433,254.99999999999994,255.0,0.0,0.0,0.0,-1.52587890625e-05,0.0,1.0,1.0,0,high_roi_mean;near_white_pixels;channel_saturation,ok,
e990000g22.bmp,990000,22,990000.0,22.024627735813983,1.0,RGB8,daA2500-14uc,40031417,2026-09-18T16:10:55,2592,1944,682,415,889,830,5,1.0,83433,254.99999999999994,255.0,0.0,0.0,0.0,-1.52587890625e-05,0.0,1.0,1.0,0,high_roi_mean;near_white_pixels;channel_saturation,ok,
e10g23.bmp,10,23,10.0,22.999769129829524,1.0,RGB8,daA2500-14uc,40031417,2026-09-18T16:10:56,2592,1944,682,415,889,830,5,1.0,83433,21.90193782308972,27.509624140090946,4.751426423569997,1.0995240055821822,1.2089530388514866,0.002021426652059708,0.0,0.0,0.0,1,,ok,
e1000g23.bmp,1000,23,1000.0,22.999769129829524,1.0,RGB8,daA2500-14uc,40031417,2026-09-18T16:10:57,2592,1944,682,415,889,830,5,1.0,83433,72.09031433514167,111.27657489309239,4.607877475798059,0.6945432344309138,0.48239030449375525,-0.00010975929185178901,0.0,0.0,0.0,1,,ok,
e2000g23.bmp,2000,23,2000.0,22.999769129829524,1.0,RGB8,daA2500-14uc,40031417,2026-09-18T16:10:57,2592,1944,682,415,889,830,5,1.0,83433,99.25840326161853,153.2659912701751,6.199098447345413,1.44375589227815,2.084431076487877,-0.00022743456175047455,0.0,0.0,0.0,1,,ok,
e3000g23.bmp,3000,23,3000.0,22.999769129829524,1.0,RGB8,daA2500-14uc,40031417,2026-09-18T16:10:57,2592,1944,682,415,889,830,5,1.0,83433,120.29249638449105,184.69559242049152,7.151226697985261,1.6622813865336243,2.7631794080161485,-0.00047259633484212255,0.0,0.0,0.0,1,,ok,
e4000g23.bmp,4000,23,4000.0,22.999769129829524,1.0,RGB8,daA2500-14uc,40031417,2026-09-18T16:10:58,2592,1944,682,415,889,830,5,1.0,83433,137.16379509364043,210.46619140188045,7.948142162089177,1.877655129834058,3.525588786592153,0.0009397358781358433,0.0,0.0,0.0,1,,ok,
e5000g23.bmp,5000,23,5000.0,22.999769129829524,1.0,RGB8,daA2500-14uc,40031417,2026-09-18T16:10:58,2592,1944,682,415,889,830,5,1.0,83433,150.78399944947734,232.5597349083054,8.749524103091481,1.9685592197658819,3.875225401725258,-0.00033797212810822007,0.0,0.0,0.028065886735347184,0,channel_saturation,ok,
e6000g23.bmp,6000,23,6000.0,22.999769129829524,1.0,RGB8,daA2500-14uc,40031417,2026-09-18T16:10:58,2592,1944,682,415,889,830,5,1.0,83433,161.8671529587715,248.71861201706452,6.146393860249891,1.3881597154016068,1.9269873954638697,-0.0003624323146430931,0.0,0.20200221174553284,0.6520575053838542,0,near_white_pixels;channel_saturation,ok,
e7000g23.bmp,7000,23,7000.0,22.999769129829524,1.0,RGB8,daA2500-14uc,40031417,2026-09-18T16:10:58,2592,1944,682,415,889,830,5,1.0,83433,170.53705110235512,254.25116250480153,1.5726538298690074,0.46398716128899903,0.2152840858410236,-4.189240157053414e-05,0.0,0.7818869681625051,0.981363133694197,0,high_roi_mean;near_white_pixels;channel_saturation,ok,
e8000g23.bmp,8000,23,8000.0,22.999769129829524,1.0,RGB8,daA2500-14uc,40031417,2026-09-18T16:10:59,2592,1944,682,415,889,830,5,1.0,83433,177.7326694256306,254.98612980710206,0.11920059611178564,0.051213739037993526,0.0026228470662517022,-3.347046736790299e-05,0.0,0.9971363715732495,0.9998952331063384,0,high_roi_mean;near_white_pixels;channel_saturation,ok,
e9000g23.bmp,9000,23,9000.0,22.999769129829524,1.0,RGB8,daA2500-14uc,40031417,2026-09-18T16:10:59,2592,1944,682,415,889,830,5,1.0,83433,184.05149927284964,255.0,0.0,0.0,0.0,-1.52587890625e-05,0.0,1.0,1.0,0,high_roi_mean;near_white_pixels;channel_saturation,ok,
e10000g23.bmp,10000,23,10000.0,22.999769129829524,1.0,RGB8,daA2500-14uc,40031417,2026-09-18T16:10:59,2592,1944,682,415,889,830,5,1.0,83433,189.6719062101099,255.0,0.0,0.0,0.0,-1.52587890625e-05,0.0,1.0,1.0,0,high_roi_mean;near_white_pixels;channel_saturation,ok,
e20000g23.bmp,20000,23,20000.0,22.999769129829524,1.0,RGB8,daA2500-14uc,40031417,2026-09-18T16:11:00,2592,1944,682,415,889,830,5,1.0,83433,220.51223229496102,255.0,0.0,0.0,0.0,-1.52587890625e-05,0.0,1.0,1.0,0,high_roi_mean;near_white_pixels;channel_saturation,ok,
e30000g23.bmp,30000,23,30000.0,22.999769129829524,1.0,RGB8,daA2500-14uc,40031417,2026-09-18T16:11:00,2592,1944,682,415,889,830,5,1.0,83433,234.67278279043143,255.0,0.0,0.0,0.0,-1.52587890625e-05,0.0,1.0,1.0,0,high_roi_mean;near_white_pixels;channel_saturation,ok,
e40000g23.bmp,40000,23,40000.0,22.999769129829524,1.0,RGB8,daA2500-14uc,40031417,2026-09-18T16:11:00,2592,1944,682,415,889,830,5,1.0,83433,243.58365708967605,255.0,0.0,0.0,0.0,-1.52587890625e-05,0.0,1.0,1.0,0,high_roi_mean;near_white_pixels;channel_saturation,ok,
e50000g23.bmp,50000,23,50000.0,22.999769129829524,1.0,RGB8,daA2500-14uc,40031417,2026-09-18T16:11:01,2592,1944,682,415,889,830,5,1.0,83433,249.1828951212658,255.0,0.0,0.0,0.0,-1.52587890625e-05,0.0,1.0,1.0,0,high_roi_mean;near_white_pixels;channel_saturation,ok,
e60000g23.bmp,60000,23,60000.0,22.999769129829524,1.0,RGB8,daA2500-14uc,40031417,2026-09-18T16:11:01,2592,1944,682,415,889,830,5,1.0,83433,252.15924443444214,255.0,0.0,0.0,0.0,-1.52587890625e-05,0.0,1.0,1.0,0,high_roi_mean;near_white_pixels;channel_saturation,ok,
e70000g23.bmp,70000,23,70000.0,22.999769129829524,1.0,RGB8,daA2500-14uc,40031417,2026-09-18T16:11:01,2592,1944,682,415,889,830,5,1.0,83433,253.64763788608028,255.0,0.0,0.0,0.0,-1.52587890625e-05,0.0,1.0,1.0,0,high_roi_mean;near_white_pixels;channel_saturation,ok,
e80000g23.bmp,80000,23,80000.0,22.999769129829524,1.0,RGB8,daA2500-14uc,40031417,2026-09-18T16:11:02,2592,1944,682,415,889,830,5,1.0,83433,254.39471737230411,255.0,0.0,0.0,0.0,-1.52587890625e-05,0.0,1.0,1.0,0,high_roi_mean;near_white_pixels;channel_saturation,ok,
e90000g23.bmp,90000,23,90000.0,22.999769129829524,1.0,RGB8,daA2500-14uc,40031417,2026-09-18T16:11:02,2592,1944,682,415,889,830,5,1.0,83433,254.72970020647574,255.0,0.0,0.0,0.0,-1.52587890625e-05,0.0,1.0,1.0,0,high_roi_mean;near_white_pixels;channel_saturation,ok,
e100000g23.bmp,100000,23,100000.0,22.999769129829524,1.0,RGB8,daA2500-14uc,40031417,2026-09-18T16:11:02,2592,1944,682,415,889,830,5,1.0,83433,254.87017450913382,255.0,0.0,0.0,0.0,-1.52587890625e-05,0.0,1.0,1.0,0,high_roi_mean;near_white_pixels;channel_saturation,ok,
e200000g23.bmp,200000,23,200000.0,22.999769129829524,1.0,RGB8,daA2500-14uc,40031417,2026-09-18T16:11:03,2592,1944,682,415,889,830,5,1.0,83433,254.9999998835051,255.0,0.0,0.0,0.0,-1.52587890625e-05,0.0,1.0,1.0,0,high_roi_mean;near_white_pixels;channel_saturation,ok,
e300000g23.bmp,300000,23,300000.0,22.999769129829524,1.0,RGB8,daA2500-14uc,40031417,2026-09-18T16:11:03,2592,1944,682,415,889,830,5,1.0,83433,254.99999999999994,255.0,0.0,0.0,0.0,-1.52587890625e-05,0.0,1.0,1.0,0,high_roi_mean;near_white_pixels;channel_saturation,ok,
e400000g23.bmp,400000,23,400000.0,22.999769129829524,1.0,RGB8,daA2500-14uc,40031417,2026-09-18T16:11:04,2592,1944,682,415,889,830,5,1.0,83433,254.99999999999994,255.0,0.0,0.0,0.0,-1.52587890625e-05,0.0,1.0,1.0,0,high_roi_mean;near_white_pixels;channel_saturation,ok,
e500000g23.bmp,500000,23,500000.0,22.999769129829524,1.0,RGB8,daA2500-14uc,40031417,2026-09-18T16:11:05,2592,1944,682,415,889,830,5,1.0,83433,254.99999999999994,255.0,0.0,0.0,0.0,-1.52587890625e-05,0.0,1.0,1.0,0,high_roi_mean;near_white_pixels;channel_saturation,ok,
e600000g23.bmp,600000,23,600000.0,22.999769129829524,1.0,RGB8,daA2500-14uc,40031417,2026-09-18T16:11:06,2592,1944,682,415,889,830,5,1.0,83433,254.99999999999994,255.0,0.0,0.0,0.0,-1.52587890625e-05,0.0,1.0,1.0,0,high_roi_mean;near_white_pixels;channel_saturation,ok,
e700000g23.bmp,700000,23,700000.0,22.999769129829524,1.0,RGB8,daA2500-14uc,40031417,2026-09-18T16:11:07,2592,1944,682,415,889,830,5,1.0,83433,254.99999999999994,255.0,0.0,0.0,0.0,-1.52587890625e-05,0.0,1.0,1.0,0,high_roi_mean;near_white_pixels;channel_saturation,ok,
e800000g23.bmp,800000,23,800000.0,22.999769129829524,1.0,RGB8,daA2500-14uc,40031417,2026-09-18T16:11:08,2592,1944,682,415,889,830,5,1.0,83433,254.99999999999994,255.0,0.0,0.0,0.0,-1.52587890625e-05,0.0,1.0,1.0,0,high_roi_mean;near_white_pixels;channel_saturation,ok,
e900000g23.bmp,900000,23,900000.0,22.999769129829524,1.0,RGB8,daA2500-14uc,40031417,2026-09-18T16:11:10,2592,1944,682,415,889,830,5,1.0,83433,254.99999999999994,255.0,0.0,0.0,0.0,-1.52587890625e-05,0.0,1.0,1.0,0,high_roi_mean;near_white_pixels;channel_saturation,ok,
e990000g23.bmp,990000,23,990000.0,22.999769129829524,1.0,RGB8,daA2500-14uc,40031417,2026-09-18T16:11:12,2592,1944,682,415,889,830,5,1.0,83433,254.99999999999994,255.0,0.0,0.0,0.0,-1.52587890625e-05,0.0,1.0,1.0,0,high_roi_mean;near_white_pixels;channel_saturation,ok,
e10g24.bmp,10,24,10.0,24.014274679280266,1.0,RGB8,daA2500-14uc,40031417,2026-09-18T16:11:13,2592,1944,682,415,889,830,5,1.0,83433,23.347173995127456,29.31897357177779,5.049730640513811,1.1418602998380325,1.3038449443462015,-0.002128982381633334,0.0,0.0,0.0,1,,ok,
e1000g24.bmp,1000,24,1000.0,24.014274679280266,1.0,RGB8,daA2500-14uc,40031417,2026-09-18T16:11:14,2592,1944,682,415,889,830,5,1.0,83433,75.63371704484834,116.39447731918176,4.726083070624121,0.7125566233355508,0.5077369414593621,-0.000517943832633202,0.0,0.0,0.0,1,,ok,
e2000g24.bmp,2000,24,2000.0,24.014274679280266,1.0,RGB8,daA2500-14uc,40031417,2026-09-18T16:11:14,2592,1944,682,415,889,830,5,1.0,83433,103.9414112189929,160.14678659636138,6.34843556028587,1.4698898412608334,2.1605761454417984,-0.0004191498808245651,0.0,0.0,0.0,1,,ok,
e3000g24.bmp,3000,24,3000.0,24.014274679280266,1.0,RGB8,daA2500-14uc,40031417,2026-09-18T16:11:14,2592,1944,682,415,889,830,5,1.0,83433,125.99814086096663,192.9966031521637,7.45137384843239,1.7381012318106728,3.020995892021778,-0.0003648158774761635,0.0,0.0,0.0,1,,ok,
e4000g24.bmp,4000,24,4000.0,24.014274679280266,1.0,RGB8,daA2500-14uc,40031417,2026-09-18T16:11:15,2592,1944,682,415,889,830,5,1.0,83433,143.15218141785581,219.91299683224662,8.342164457433755,1.9424181260038516,3.772988176228315,-0.0001092291032035061,0.0,0.0,0.0,1,,ok,
e5000g24.bmp,5000,24,5000.0,24.014274679280266,1.0,RGB8,daA2500-14uc,40031417,2026-09-18T16:11:15,2592,1944,682,415,889,830,5,1.0,83433,156.8983086306632,242.20012506700687,8.165345299860597,1.801255658967415,3.244521948962136,-0.00011120629170871013,0.0,0.0035620743844944997,0.3357429718875502,0,channel_saturation,ok,
e6000g24.bmp,6000,24,6000.0,24.014274679280266,1.0,RGB8,daA2500-14uc,40031417,2026-09-18T16:11:15,2592,1944,682,415,889,830,5,1.0,83433,167.50319276112316,253.0202211401653,3.0414641179851585,0.8266813126411846,0.683401992670152,-0.0008115809239220205,0.0,0.5893952622082533,0.9097957045573599,0,high_roi_mean;near_white_pixels;channel_saturation,ok,
e7000g24.bmp,7000,24,7000.0,24.014274679280266,1.0,RGB8,daA2500-14uc,40031417,2026-09-18T16:11:15,2592,1944,682,415,889,830,5,1.0,83433,175.89795773518074,254.92812407475662,0.34560625416740876,0.1109762725486113,0.012315733068783656,-0.00016424179922999593,0.0,0.978860369012281,0.9997206216169023,0,high_roi_mean;near_white_pixels;channel_saturation,ok,
e8000g24.bmp,8000,24,8000.0,24.014274679280266,1.0,RGB8,daA2500-14uc,40031417,2026-09-18T16:11:16,2592,1944,682,415,889,830,5,1.0,83433,183.02975507655714,254.99995375133062,0.0039549599950998385,0.0024563688186037616,6.0337477730088395e-06,-1.4772859004380761e-05,0.0,1.0,1.0,0,high_roi_mean;near_white_pixels;channel_saturation,ok,
e9000g24.bmp,9000,24,9000.0,24.014274679280266,1.0,RGB8,daA2500-14uc,40031417,2026-09-18T16:11:16,2592,1944,682,415,889,830,5,1.0,83433,189.30630530053693,255.0,0.0,0.0,0.0,-1.52587890625e-05,0.0,1.0,1.0,0,high_roi_mean;near_white_pixels;channel_saturation,ok,
e10000g24.bmp,10000,24,10000.0,24.014274679280266,1.0,RGB8,daA2500-14uc,40031417,2026-09-18T16:11:16,2592,1944,682,415,889,830,5,1.0,83433,194.79342665744232,255.0,0.0,0.0,0.0,-1.52587890625e-05,0.0,1.0,1.0,0,high_roi_mean;near_white_pixels;channel_saturation,ok,
e20000g24.bmp,20000,24,20000.0,24.014274679280266,1.0,RGB8,daA2500-14uc,40031417,2026-09-18T16:11:17,2592,1944,682,415,889,830,5,1.0,83433,224.1518928691637,255.0,0.0,0.0,0.0,-1.52587890625e-05,0.0,1.0,1.0,0,high_roi_mean;near_white_pixels;channel_saturation,ok,
e30000g24.bmp,30000,24,30000.0,24.014274679280266,1.0,RGB8,daA2500-14uc,40031417,2026-09-18T16:11:17,2592,1944,682,415,889,830,5,1.0,83433,237.85488968430877,255.0,0.0,0.0,0.0,-1.52587890625e-05,0.0,1.0,1.0,0,high_roi_mean;near_white_pixels;channel_saturation,ok,
e40000g24.bmp,40000,24,40000.0,24.014274679280266,1.0,RGB8,daA2500-14uc,40031417,2026-09-18T16:11:17,2592,1944,682,415,889,830,5,1.0,83433,246.287976931632,255.0,0.0,0.0,0.0,-1.52587890625e-05,0.0,1.0,1.0,0,high_roi_mean;near_white_pixels;channel_saturation,ok,
e50000g24.bmp,50000,24,50000.0,24.014274679280266,1.0,RGB8,daA2500-14uc,40031417,2026-09-18T16:11:18,2592,1944,682,415,889,830,5,1.0,83433,250.99707252669657,255.0,0.0,0.0,0.0,-1.52587890625e-05,0.0,1.0,1.0,0,high_roi_mean;near_white_pixels;channel_saturation,ok,
e60000g24.bmp,60000,24,60000.0,24.014274679280266,1.0,RGB8,daA2500-14uc,40031417,2026-09-18T16:11:18,2592,1944,682,415,889,830,5,1.0,83433,253.20466024337307,255.0,0.0,0.0,0.0,-1.52587890625e-05,0.0,1.0,1.0,0,high_roi_mean;near_white_pixels;channel_saturation,ok,
e70000g24.bmp,70000,24,70000.0,24.014274679280266,1.0,RGB8,daA2500-14uc,40031417,2026-09-18T16:11:18,2592,1944,682,415,889,830,5,1.0,83433,254.24597297179827,255.0,0.0,0.0,0.0,-1.52587890625e-05,0.0,1.0,1.0,0,high_roi_mean;near_white_pixels;channel_saturation,ok,
e80000g24.bmp,80000,24,80000.0,24.014274679280266,1.0,RGB8,daA2500-14uc,40031417,2026-09-18T16:11:19,2592,1944,682,415,889,830,5,1.0,83433,254.69443245678374,255.0,0.0,0.0,0.0,-1.52587890625e-05,0.0,1.0,1.0,0,high_roi_mean;near_white_pixels;channel_saturation,ok,
e90000g24.bmp,90000,24,90000.0,24.014274679280266,1.0,RGB8,daA2500-14uc,40031417,2026-09-18T16:11:19,2592,1944,682,415,889,830,5,1.0,83433,254.8601780704637,255.0,0.0,0.0,0.0,-1.52587890625e-05,0.0,1.0,1.0,0,high_roi_mean;near_white_pixels;channel_saturation,ok,
e100000g24.bmp,100000,24,100000.0,24.014274679280266,1.0,RGB8,daA2500-14uc,40031417,2026-09-18T16:11:19,2592,1944,682,415,889,830,5,1.0,83433,254.93965016567276,255.0,0.0,0.0,0.0,-1.52587890625e-05,0.0,1.0,1.0,0,high_roi_mean;near_white_pixels;channel_saturation,ok,
e200000g24.bmp,200000,24,200000.0,24.014274679280266,1.0,RGB8,daA2500-14uc,40031417,2026-09-18T16:11:20,2592,1944,682,415,889,830,5,1.0,83433,254.99999999999994,255.0,0.0,0.0,0.0,-1.52587890625e-05,0.0,1.0,1.0,0,high_roi_mean;near_white_pixels;channel_saturation,ok,
e300000g24.bmp,300000,24,300000.0,24.014274679280266,1.0,RGB8,daA2500-14uc,40031417,2026-09-18T16:11:20,2592,1944,682,415,889,830,5,1.0,83433,254.99999999999994,255.0,0.0,0.0,0.0,-1.52587890625e-05,0.0,1.0,1.0,0,high_roi_mean;near_white_pixels;channel_saturation,ok,
e400000g24.bmp,400000,24,400000.0,24.014274679280266,1.0,RGB8,daA2500-14uc,40031417,2026-09-18T16:11:21,2592,1944,682,415,889,830,5,1.0,83433,254.99999999999994,255.0,0.0,0.0,0.0,-1.52587890625e-05,0.0,1.0,1.0,0,high_roi_mean;near_white_pixels;channel_saturation,ok,
e500000g24.bmp,500000,24,500000.0,24.014274679280266,1.0,RGB8,daA2500-14uc,40031417,2026-09-18T16:11:22,2592,1944,682,415,889,830,5,1.0,83433,254.99999999999994,255.0,0.0,0.0,0.0,-1.52587890625e-05,0.0,1.0,1.0,0,high_roi_mean;near_white_pixels;channel_saturation,ok,
e600000g24.bmp,600000,24,600000.0,24.014274679280266,1.0,RGB8,daA2500-14uc,40031417,2026-09-18T16:11:23,2592,1944,682,415,889,830,5,1.0,83433,254.99999999999994,255.0,0.0,0.0,0.0,-1.52587890625e-05,0.0,1.0,1.0,0,high_roi_mean;near_white_pixels;channel_saturation,ok,
e700000g24.bmp,700000,24,700000.0,24.014274679280266,1.0,RGB8,daA2500-14uc,40031417,2026-09-18T16:11:24,2592,1944,682,415,889,830,5,1.0,83433,254.99999999999994,255.0,0.0,0.0,0.0,-1.52587890625e-05,0.0,1.0,1.0,0,high_roi_mean;near_white_pixels;channel_saturation,ok,
e800000g24.bmp,800000,24,800000.0,24.014274679280266,1.0,RGB8,daA2500-14uc,40031417,2026-09-18T16:11:25,2592,1944,682,415,889,830,5,1.0,83433,254.99999999999994,255.0,0.0,0.0,0.0,-1.52587890625e-05,0.0,1.0,1.0,0,high_roi_mean;near_white_pixels;channel_saturation,ok,
e900000g24.bmp,900000,24,900000.0,24.014274679280266,1.0,RGB8,daA2500-14uc,40031417,2026-09-18T16:11:27,2592,1944,682,415,889,830,5,1.0,83433,254.99999999999994,255.0,0.0,0.0,0.0,-1.52587890625e-05,0.0,1.0,1.0,0,high_roi_mean;near_white_pixels;channel_saturation,ok,
e990000g24.bmp,990000,24,990000.0,24.014274679280266,1.0,RGB8,daA2500-14uc,40031417,2026-09-18T16:11:29,2592,1944,682,415,889,830,5,1.0,83433,254.99999999999994,255.0,0.0,0.0,0.0,-1.52587890625e-05,0.0,1.0,1.0,0,high_roi_mean;near_white_pixels;channel_saturation,ok,
